Cell_ID,MERFISH_cell_type_annotation.y
31500000182783,endothelial
31500000156042,DH_ex_Sox5/Tac1
31500000188906,MV_in_Gabra1
31500000164180,MV_in_Gabra1
31500000145025,DH_ex_Reln/Npff
31500000109225,DM_ex_Zfhx3
31500000135301,oligodendrocyte_1
31500000129676,DH_in_Cdh3
31500000171666,alpha_motoneuron
31500000169272,oligodendrocyte_progenitor_2
31500000195629,DM_ex_Zfhx3
31500000192350,oligodendrocyte_1
31500000174111,oligodendrocyte_1
31500000135174,astrocyte_2
31500000100229,astrocyte_1
31500000189126,MV_in_Esrrb
31500000145993,DH_in_Npy
31500000167630,astrocyte_1
31500000115117,astrocyte_1
31500000128127,astrocyte_1
31500000103773,oligodendrocyte_progenitor_2
31500000134559,oligodendrocyte_progenitor_2
31500000134904,astrocyte_2
31500000148678,MV_in_Gm26673
31500000141199,astrocyte_1
31500000120593,astrocyte_1
31500000102180,meninges_3
31500000146044,astrocyte_1
31500000121340,oligodendrocyte_progenitor_2
31500000113162,oligodendrocyte_progenitor_2
31500000136859,endothelial
31500000145973,oligodendrocyte_progenitor_2
31500000149759,MV_in_Gm26673
31500000139555,oligodendrocyte_2
31500000161490,oligodendrocyte_2
31500000180606,endothelial
31500000135038,astrocyte_1
31500000147584,astrocyte_1
31500000131404,oligodendrocyte_progenitor_2
31500000110096,astrocyte_2
31500000145477,astrocyte_2
31500000111545,MV_ex_Syt2
31500000198779,DH_ex_Tac2
31500000155973,DH_ex_Sox5
31500000184453,DH_ex_Prkcg/Nts
31500000176144,gamma_motoneuron
31500000171690,MV_in_Gm26673
31500000156053,oligodendrocyte_progenitor_2
31500000189835,oligodendrocyte_1
31500000119971,astrocyte_1
31500000181192,DH_ex_Reln/Npff
31500000144742,Schwann_cell
31500000143668,MV_in_Sema5b
31500000116716,DH_in_Cdh3
31500000164641,endothelial
31500000128072,DH_in_Cdh3
31500000151549,oligodendrocyte_1
31500000140041,DH_ex_Maf/Slc17a8
31500000115581,M_ex_Vsx2/Shox2
31500000125420,DH_in_Pdyn/Gal
31500000122484,gamma_motoneuron
31500000184922,astrocyte_1
31500000199832,DH_ex_Nmu/Tac2
31500000191689,oligodendrocyte_1
31500000190133,DH_ex_Reln/Nmur2
31500000104357,oligodendrocyte_progenitor_2
31500000160643,DH_ex_Reln/Nmur2
31500000174358,MV_ex_Syt2
31500000172403,meninges_1
31500000169130,Schwann_cell
31500000123485,astrocyte_1
31500000145735,oligodendrocyte_1
31500000107232,endothelial
31500000120639,DM_ex_Zfhx3
31500000182429,MV_in_Sema5b
31500000150029,astrocyte_2
31500000186767,endothelial
31500000156666,oligodendrocyte_2
31500000130603,meninges_2
31500000160743,oligodendrocyte_1
31500000173612,astrocyte_1
31500000155907,DH_in_Cdh3
31500000114971,pericyte
31500000166635,oligodendrocyte_2
31500000127459,oligodendrocyte_progenitor_2
31500000103374,Schwann_cell
31500000113674,DH_ex_Maf/Cpne4
31500000160128,astrocyte_1
31500000159075,DH_in_Cdh3
31500000132816,astrocyte_1
31500000145066,MV_in_Sema5b
31500000160597,oligodendrocyte_1
31500000185547,gamma_motoneuron
31500000133294,astrocyte_1
31500000161512,oligodendrocyte_progenitor_2
31500000154009,DH_ex_Nmu/Tac2
31500000136129,astrocyte_1
31500000165027,oligodendrocyte_progenitor_2
31500000174182,astrocyte_1
31500000195972,gamma_motoneuron
31500000185315,MV_in_Gabra1
31500000196719,DH_in_Pdyn
31500000159940,MV_in_Gm26673
31500000180026,ependymal
31500000100989,oligodendrocyte_precursor_cell
31500000160611,endothelial
31500000176299,MV_in_Gm26673
31500000135829,DH_in_Klhl14
31500000178479,oligodendrocyte_precursor_cell
31500000190248,DH_ex_Cpne4
31500000184862,MV_ex_Syt2
31500000140820,oligodendrocyte_1
31500000145221,DH_ex_Maf/Cck
31500000134710,DH_ex_Reln
31500000117025,DH_in_Rorb
31500000157176,oligodendrocyte_2
31500000150637,endothelial
31500000151405,DH_ex_Prkcg/Cck
31500000115870,microglia
31500000128889,oligodendrocyte_progenitor_2
31500000117832,DH_in_Rorb
31500000181395,MV_in_Chrna2
31500000118258,microglia
31500000135061,MV_in_Gabra1
31500000143172,oligodendrocyte_progenitor_2
31500000160808,DH_in_Cdh3
31500000107103,oligodendrocyte_1
31500000153559,endothelial
31500000154150,M_in_Tfap2b
31500000192735,oligodendrocyte_1
31500000135801,oligodendrocyte_progenitor_2
31500000113683,DH_ex_Reln/Npff
31500000190193,DH_ex_Prkcg/Cck
31500000164274,astrocyte_2
31500000186543,DH_ex_Maf/Cck
31500000132651,DH_ex_Maf/Cck
31500000131898,oligodendrocyte_progenitor_2
31500000194913,astrocyte_1
31500000158695,DM_ex_Zfhx3
31500000167057,oligodendrocyte_1
31500000160278,DH_in_Cdh3
31500000151445,DH_ex_Sox5/Tac1
31500000157316,endothelial
31500000119895,oligodendrocyte_progenitor_2
31500000103548,endothelial
31500000102863,oligodendrocyte_progenitor_2
31500000193263,astrocyte_2
31500000160789,astrocyte_1
31500000123488,DH_in_Cdh3
31500000122556,oligodendrocyte_2
31500000107757,DH_ex_Sox5/Tac1
31500000168403,DM_ex_Zfhx3
31500000151858,astrocyte_1
31500000116954,oligodendrocyte_2
31500000121011,DH_in_Pdyn
31500000153554,Schwann_cell
31500000168775,astrocyte_1
31500000125214,astrocyte_2
31500000119526,oligodendrocyte_precursor_cell
31500000141640,DH_in_Pdyn/Gal
31500000193074,oligodendrocyte_progenitor_2
31500000124689,oligodendrocyte_1
31500000145171,Schwann_cell
31500000132862,DM_ex_Zfhx3
31500000156206,astrocyte_1
31500000115625,oligodendrocyte_2
31500000195050,oligodendrocyte_2
31500000123177,oligodendrocyte_progenitor_2
31500000149752,M_in_Tfap2b
31500000103677,astrocyte_1
31500000190623,oligodendrocyte_2
31500000159650,DH_ex_Tac2
31500000135041,DH_ex_Nmu/Tac2
31500000197454,DH_ex_Reln/Nmur2
31500000154670,astrocyte_1
31500000103782,oligodendrocyte_2
31500000143096,DH_ex_Prkcg/Nts
31500000115842,oligodendrocyte_2
31500000190496,astrocyte_1
31500000110678,oligodendrocyte_2
31500000163798,oligodendrocyte_2
31500000162265,meninges_3
31500000184575,oligodendrocyte_progenitor_2
31500000102836,oligodendrocyte_2
31500000141075,DH_in_Pdyn/Gal
31500000155507,oligodendrocyte_precursor_cell
31500000114188,oligodendrocyte_2
31500000142059,astrocyte_1
31500000186447,oligodendrocyte_progenitor_2
31500000153291,MV_ex_Syt2
31500000191853,astrocyte_1
31500000104309,DH_in_Npy2r
31500000166790,astrocyte_1
31500000135497,oligodendrocyte_progenitor_2
31500000180814,endothelial
31500000148628,visceral_motoneuron
31500000147251,oligodendrocyte_precursor_cell
31500000133573,oligodendrocyte_progenitor_2
31500000184935,oligodendrocyte_2
31500000146436,DH_in_Npy
31500000113939,endothelial
31500000140235,endothelial
31500000136385,microglia
31500000102001,DH_in_Npy
31500000195884,DH_ex_Grp
31500000170904,oligodendrocyte_progenitor_2
31500000169045,MV_in_Esrrb
31500000168174,endothelial
31500000119121,oligodendrocyte_2
31500000107322,DH_ex_Reln
31500000173562,DM_ex_Zfhx3
31500000126301,oligodendrocyte_2
31500000127443,oligodendrocyte_progenitor_2
31500000180462,DH_in_Cdh3
31500000113330,astrocyte_2
31500000139902,DH_ex_Maf/Cck
31500000140966,oligodendrocyte_progenitor_2
31500000148547,DM_ex_Zfhx3
31500000186867,MV_ex_Syt2
31500000192136,astrocyte_1
31500000179260,gamma_motoneuron
31500000171416,astrocyte_1
31500000195351,oligodendrocyte_2
31500000191635,DH_in_Npy2r
31500000101836,oligodendrocyte_2
31500000116565,DH_ex_Prkcg/Nts
31500000199653,oligodendrocyte_progenitor_2
31500000198398,DH_in_Npy2r
31500000128047,DH_ex_Cpne4
31500000100787,oligodendrocyte_progenitor_2
31500000155897,oligodendrocyte_1
31500000126779,astrocyte_1
31500000180721,astrocyte_1
31500000177566,DH_in_Rorb
31500000113136,MV_ex_Syt2
31500000112587,MV_in_Gabra1
31500000125566,DH_ex_Grp
31500000131389,astrocyte_1
31500000149629,DH_ex_Reln/Nmur2
31500000183624,oligodendrocyte_progenitor_2
31500000107162,DH_ex_Nmu/Tac2
31500000188240,oligodendrocyte_progenitor_2
31500000193384,endothelial
31500000184001,alpha_motoneuron
31500000190925,DH_ex_Sox5/Tac1
31500000103565,DH_in_Cdh3
31500000177072,meninges_2
31500000139438,DH_in_Npy
31500000127936,oligodendrocyte_progenitor_2
31500000195683,microglia
31500000131902,oligodendrocyte_2
31500000159415,astrocyte_1
31500000132555,oligodendrocyte_2
31500000149677,astrocyte_1
31500000165528,astrocyte_1
31500000169325,DH_ex_Cpne4
31500000145450,DH_ex_Gpr83
31500000180399,endothelial
31500000190399,oligodendrocyte_2
31500000199465,oligodendrocyte_2
31500000108515,oligodendrocyte_progenitor_2
31500000158797,DH_ex_Maf/Cck
31500000176637,oligodendrocyte_1
31500000158316,oligodendrocyte_progenitor_2
31500000176367,DH_ex_Cpne4
31500000134420,DH_ex_Grpr
31500000159012,MV_in_Sema5b
31500000155301,MV_in_Gabra1
31500000173242,DH_ex_Nmu/Tac2
31500000176685,DH_ex_Maf/Cck
31500000103585,oligodendrocyte_progenitor_2
31500000111893,astrocyte_1
31500000113764,oligodendrocyte_1
31500000182401,DM_ex_Zfhx3
31500000150619,oligodendrocyte_precursor_cell
31500000135377,DH_ex_Reln/Nmur2
31500000108692,peripheral_glia
31500000154790,astrocyte_2
31500000113702,oligodendrocyte_2
31500000171441,DM_ex_Zfhx3
31500000156140,DH_in_Cdh3
31500000135046,endothelial
31500000131295,oligodendrocyte_2
31500000105557,astrocyte_1
31500000110326,MV_in_Gm26673
31500000129146,DH_ex_Nmu/Tac2
31500000195956,DH_ex_Nmu/Tac2
31500000149690,oligodendrocyte_progenitor_2
31500000106608,pericyte
31500000183224,DH_ex_Sox5
31500000144512,oligodendrocyte_2
31500000178228,DH_in_Pdyn
31500000196353,oligodendrocyte_2
31500000114607,M_in_Tfap2b
31500000131809,endothelial
31500000132583,oligodendrocyte_1
31500000197984,oligodendrocyte_progenitor_2
31500000168718,DH_in_Rorb
31500000150802,oligodendrocyte_2
31500000108181,MV_ex_Syt2
31500000152517,DM_ex_Zfhx3
31500000170813,endothelial
31500000174411,MV_in_Gm26673
31500000132087,astrocyte_2
31500000179834,astrocyte_1
31500000107981,DH_ex_Prkcg/Rxfp1
31500000130247,astrocyte_1
31500000108729,endothelial
31500000162498,MV_in_Gm26673
31500000165897,astrocyte_1
31500000186257,DH_in_Npy2r
31500000163752,MV_in_Gm26673
31500000115018,oligodendrocyte_progenitor_2
31500000117743,endothelial
31500000168685,DH_ex_Gpr83
31500000199548,oligodendrocyte_progenitor_2
31500000152541,DH_in_Cdh3
31500000102989,endothelial
31500000139394,oligodendrocyte_progenitor_2
31500000129878,oligodendrocyte_progenitor_2
31500000149894,astrocyte_1
31500000170445,oligodendrocyte_progenitor_2
31500000156091,gamma_motoneuron
31500000186483,oligodendrocyte_2
31500000103283,oligodendrocyte_progenitor_2
31500000171648,oligodendrocyte_progenitor_2
31500000137209,DH_ex_Maf/Cck
31500000103333,M_ex_Vsx2
31500000140713,MV_in_Chrna2
31500000170246,oligodendrocyte_progenitor_2
31500000109648,MV_in_Gm26673
31500000155266,astrocyte_2
31500000159819,oligodendrocyte_progenitor_2
31500000100807,M_ex_Vsx2
31500000150900,astrocyte_2
31500000145818,meninges_2
31500000124915,oligodendrocyte_2
31500000199184,alpha_motoneuron
31500000125683,oligodendrocyte_progenitor_2
31500000108136,astrocyte_2
31500000188489,oligodendrocyte_1
31500000133058,oligodendrocyte_progenitor_2
31500000168922,astrocyte_2
31500000129621,DH_ex_Grpr
31500000136979,oligodendrocyte_1
31500000163177,meninges_1
31500000130403,astrocyte_1
31500000195653,oligodendrocyte_2
31500000140546,astrocyte_2
31500000165921,MV_in_Gm26673
31500000150337,gamma_motoneuron
31500000100538,DM_ex_Zfhx3
31500000188275,DH_ex_Prkcg/Rxfp1
31500000162811,oligodendrocyte_progenitor_2
31500000101594,endothelial
31500000181919,DM_ex_Zfhx3
31500000173615,DH_ex_Prkcg/Nts
31500000125362,astrocyte_2
31500000136996,endothelial
31500000160683,astrocyte_1
31500000109313,oligodendrocyte_progenitor_2
31500000197017,oligodendrocyte_2
31500000189082,oligodendrocyte_1
31500000142761,oligodendrocyte_progenitor_1
31500000110343,DH_in_Pdyn
31500000101715,astrocyte_1
31500000176080,oligodendrocyte_progenitor_2
31500000155988,astrocyte_1
31500000135279,DH_ex_Reln
31500000197890,DM_ex_Zfhx3
31500000183752,oligodendrocyte_2
31500000166735,DH_in_Cdh3
31500000198447,MV_in_Sema5b
31500000196269,DH_ex_Prkcg/Cck
31500000158090,alpha_motoneuron
31500000196197,MV_ex_Syt2
31500000192998,DH_ex_Maf/Cck
31500000196062,endothelial
31500000196881,oligodendrocyte_progenitor_2
31500000101029,endothelial
31500000130052,MV_in_Gm26673
31500000168735,DH_ex_Reln
31500000188830,oligodendrocyte_progenitor_2
31500000131935,astrocyte_2
31500000139747,MV_in_Gabra1
31500000181214,DH_ex_Maf/Cck
31500000110679,oligodendrocyte_progenitor_2
31500000192672,oligodendrocyte_progenitor_2
31500000180110,DH_ex_Sox5/Tac1
31500000187544,astrocyte_1
31500000189181,DM_ex_Zfhx3
31500000109600,DH_ex_Nmu/Tac2
31500000162600,astrocyte_1
31500000104532,DH_ex_Grpr
31500000141386,DH_ex_Gpr83
31500000187428,MV_in_Gm26673
31500000188496,oligodendrocyte_1
31500000142227,oligodendrocyte_precursor_cell
31500000131518,DH_ex_Reln/Npff
31500000182888,astrocyte_1
31500000182193,DH_ex_Nmu/Tac2
31500000127406,M_ex_Vsx2
31500000183758,astrocyte_1
31500000143768,oligodendrocyte_progenitor_2
31500000154274,oligodendrocyte_2
31500000168820,DH_in_Klhl14
31500000195568,meninges_1
31500000198262,endothelial
31500000129990,astrocyte_1
31500000176037,meninges_1
31500000173388,MV_ex_Shox2
31500000155297,oligodendrocyte_2
31500000160434,oligodendrocyte_2
31500000171136,astrocyte_1
31500000110651,oligodendrocyte_progenitor_2
31500000116128,MV_ex_Syt2
31500000115041,astrocyte_1
31500000148271,DH_in_Cdh3
31500000128157,meninges_1
31500000161166,DH_ex_Maf/Cck
31500000187620,oligodendrocyte_2
31500000110599,astrocyte_1
31500000161160,DH_in_Npy2r
31500000187972,oligodendrocyte_1
31500000140809,DH_ex_Nmu/Tac2
31500000136617,oligodendrocyte_2
31500000125703,oligodendrocyte_progenitor_2
31500000181604,DH_ex_Reln/Nmur2
31500000180603,alpha_motoneuron
31500000186862,MV_in_Gabra1
31500000182355,astrocyte_1
31500000179414,oligodendrocyte_1
31500000109685,DH_ex_Reln/Npff
31500000127568,alpha_motoneuron
31500000174036,M_ex_Vsx2
31500000113851,microglia
31500000163500,MV_in_Gm26673
31500000178201,DM_ex_Zfhx3
31500000126602,astrocyte_1
31500000132733,MV_in_Gm26673
31500000148881,DH_ex_Grpr
31500000109050,oligodendrocyte_2
31500000115357,DH_ex_Maf/Cck
31500000110059,oligodendrocyte_2
31500000103844,oligodendrocyte_precursor_cell
31500000160188,DH_ex_Gpr83
31500000174876,oligodendrocyte_progenitor_2
31500000154171,MV_in_Sema5b
31500000152526,endothelial
31500000117191,oligodendrocyte_2
31500000123635,oligodendrocyte_2
31500000163480,oligodendrocyte_2
31500000183387,MV_ex_Shox2
31500000193802,oligodendrocyte_progenitor_2
31500000147540,oligodendrocyte_progenitor_2
31500000167824,DH_ex_Nmu/Tac2
31500000143559,DH_ex_Sox5
31500000197164,astrocyte_1
31500000183094,astrocyte_1
31500000122837,oligodendrocyte_1
31500000106191,MV_ex_Syt2
31500000160396,oligodendrocyte_1
31500000180590,DH_ex_Prkcg/Nts
31500000181906,MV_in_Sema5b
31500000151871,astrocyte_1
31500000132479,M_in_Tfap2b
31500000135727,alpha_motoneuron
31500000194751,DH_in_Rorb
31500000173992,astrocyte_2
31500000187606,DH_ex_Reln/Npff
31500000136862,DH_ex_Maf/Cck
31500000137159,alpha_motoneuron
31500000185148,oligodendrocyte_progenitor_2
31500000174656,DH_ex_Cpne4
31500000127724,DH_in_Kcnip2
31500000171645,endothelial
31500000141453,microglia
31500000134024,MV_ex_Syt2
31500000115742,MV_in_Gm26673
31500000164015,oligodendrocyte_progenitor_2
31500000117557,MV_ex_Syt2
31500000141430,astrocyte_1
31500000186061,astrocyte_1
31500000123939,endothelial
31500000180461,astrocyte_2
31500000170464,endothelial
31500000129358,oligodendrocyte_progenitor_2
31500000152247,astrocyte_1
31500000185655,oligodendrocyte_progenitor_2
31500000124014,MV_ex_Syt2
31500000126394,oligodendrocyte_progenitor_2
31500000143633,oligodendrocyte_progenitor_2
31500000106760,oligodendrocyte_progenitor_2
31500000116805,microglia
31500000166394,oligodendrocyte_progenitor_2
31500000182053,DH_ex_Nmu/Tac2
31500000142505,alpha_motoneuron
31500000105426,MV_in_Gabra1
31500000193003,oligodendrocyte_2
31500000189875,oligodendrocyte_progenitor_2
31500000137057,astrocyte_2
31500000122771,DH_ex_Maf/Cck
31500000172879,DH_ex_Maf/Cck
31500000121295,MV_in_Sema5b
31500000113032,astrocyte_1
31500000196296,oligodendrocyte_2
31500000157820,oligodendrocyte_1
31500000161077,oligodendrocyte_progenitor_2
31500000184007,oligodendrocyte_progenitor_2
31500000179673,oligodendrocyte_1
31500000181976,astrocyte_1
31500000176237,oligodendrocyte_1
31500000180143,oligodendrocyte_2
31500000111924,astrocyte_2
31500000111956,astrocyte_1
31500000128937,oligodendrocyte_1
31500000167519,oligodendrocyte_progenitor_2
31500000164819,oligodendrocyte_2
31500000102655,DH_ex_Prkcg/Nts
31500000145535,M_ex_Vsx2
31500000191425,oligodendrocyte_1
31500000126099,DM_ex_Zfhx3
31500000107531,DH_in_Cdh3
31500000166514,oligodendrocyte_progenitor_2
31500000163955,oligodendrocyte_2
31500000114314,endothelial
31500000174752,astrocyte_2
31500000106226,endothelial
31500000176942,astrocyte_1
31500000178478,DH_in_Pdyn
31500000106732,oligodendrocyte_2
31500000101353,astrocyte_1
31500000180136,DH_in_Npy2r
31500000146674,DH_ex_Reln
31500000142350,endothelial
31500000174527,MV_in_Esrrb
31500000128014,astrocyte_1
31500000141227,microglia
31500000177202,DH_ex_Reln/Npff
31500000137581,oligodendrocyte_progenitor_1
31500000164237,astrocyte_1
31500000133370,astrocyte_1
31500000106312,DH_ex_Reln/Nmur2
31500000137634,astrocyte_1
31500000105113,DH_ex_Reln/Npff
31500000178053,MV_in_Sema5b
31500000189215,oligodendrocyte_progenitor_2
31500000121375,DH_ex_Reln/Nmur2
31500000111279,oligodendrocyte_progenitor_2
31500000123573,oligodendrocyte_progenitor_2
31500000176354,astrocyte_2
31500000187825,pericyte
31500000135802,M_in_Tfap2b
31500000115405,alpha_motoneuron
31500000186881,MV_in_Sema5b
31500000131478,DH_ex_Maf/Cck
31500000170254,MV_ex_Syt2
31500000111480,astrocyte_1
31500000104635,oligodendrocyte_progenitor_2
31500000100507,MV_ex_Shox2
31500000106561,MV_in_Esrrb
31500000177538,DH_ex_Sox5/Tac1
31500000106223,MV_in_Gm26673
31500000189873,MV_in_Gabra1
31500000122799,DH_ex_Nmu/Tac2
31500000126066,oligodendrocyte_progenitor_2
31500000125159,oligodendrocyte_progenitor_2
31500000160852,oligodendrocyte_progenitor_2
31500000188173,astrocyte_1
31500000152893,MV_in_Sema5b
31500000197236,astrocyte_1
31500000138359,astrocyte_1
31500000161225,DH_in_Npy2r
31500000164466,MV_in_Gabra1
31500000101923,oligodendrocyte_progenitor_2
31500000118842,endothelial
31500000171468,astrocyte_1
31500000108223,M_in_Tfap2b
31500000113652,oligodendrocyte_progenitor_2
31500000183146,MV_in_Sema5b
31500000118867,MV_ex_Syt2
31500000134246,alpha_motoneuron
31500000147837,M_ex_Vsx2
31500000174506,oligodendrocyte_2
31500000166749,DM_ex_Zfhx3
31500000138577,oligodendrocyte_progenitor_2
31500000136367,meninges_1
31500000146362,oligodendrocyte_progenitor_2
31500000106629,oligodendrocyte_precursor_cell
31500000156381,astrocyte_2
31500000184824,endothelial
31500000102375,MV_in_Gm26673
31500000132710,DH_ex_Cpne4
31500000148905,pericyte
31500000100099,astrocyte_2
31500000151530,oligodendrocyte_progenitor_2
31500000168833,astrocyte_1
31500000162232,astrocyte_1
31500000186144,oligodendrocyte_2
31500000159385,DH_in_Pdyn/Gal
31500000125958,oligodendrocyte_1
31500000156167,DH_ex_Nmu/Tac2
31500000197825,MV_in_Esrrb
31500000100759,oligodendrocyte_progenitor_2
31500000179845,ependymal
31500000182493,meninges_1
31500000184005,oligodendrocyte_2
31500000177544,MV_in_Gm26673
31500000117983,oligodendrocyte_progenitor_2
31500000141941,endothelial
31500000119821,oligodendrocyte_1
31500000144569,astrocyte_1
31500000106444,DM_ex_Zfhx3
31500000112647,DH_in_Rorb
31500000139557,oligodendrocyte_progenitor_2
31500000131891,astrocyte_1
31500000116576,oligodendrocyte_progenitor_2
31500000155944,MV_ex_Shox2
31500000175225,oligodendrocyte_progenitor_2
31500000193750,DH_in_Rorb
31500000111767,DH_ex_Prkcg/Nts
31500000126095,M_ex_Vsx2/Shox2
31500000157169,DH_in_Pdyn/Gal
31500000159489,DH_ex_Grp
31500000134001,oligodendrocyte_progenitor_2
31500000187407,endothelial
31500000135457,oligodendrocyte_2
31500000180690,astrocyte_1
31500000115191,meninges_1
31500000152513,astrocyte_1
31500000160242,astrocyte_2
31500000127895,Schwann_cell
31500000180666,astrocyte_1
31500000145424,DH_ex_Prkcg/Nts
31500000132253,oligodendrocyte_progenitor_2
31500000113011,endothelial
31500000157073,endothelial
31500000119801,astrocyte_2
31500000193971,astrocyte_1
31500000147995,DH_ex_Reln
31500000112298,oligodendrocyte_progenitor_2
31500000111194,oligodendrocyte_progenitor_2
31500000187160,oligodendrocyte_1
31500000133565,MV_ex_Shox2
31500000171646,endothelial
31500000119622,meninges_2
31500000196697,DH_ex_Prkcg/Rxfp1
31500000153320,endothelial
31500000122238,astrocyte_1
31500000159015,oligodendrocyte_progenitor_2
31500000116458,astrocyte_2
31500000138789,DH_ex_Grpr
31500000153235,alpha_motoneuron
31500000187207,astrocyte_1
31500000183623,DH_in_Pdyn
31500000112429,oligodendrocyte_progenitor_2
31500000191016,astrocyte_1
31500000119868,astrocyte_2
31500000197635,oligodendrocyte_progenitor_2
31500000174722,DM_ex_Zfhx3
31500000111725,oligodendrocyte_progenitor_2
31500000134130,astrocyte_1
31500000144896,DM_ex_Zfhx3
31500000188140,oligodendrocyte_progenitor_2
31500000167035,gamma_motoneuron
31500000128499,oligodendrocyte_2
31500000169042,DM_ex_Zfhx3
31500000120915,endothelial
31500000180158,DH_ex_Reln
31500000179451,astrocyte_1
31500000170051,MV_in_Gabra1
31500000151427,DH_in_Pdyn/Gal
31500000143897,endothelial
31500000176091,DH_ex_Reln/Npff
31500000152731,oligodendrocyte_1
31500000141651,DH_ex_Prkcg/Cck
31500000111735,DH_in_Npy
31500000157371,DH_ex_Prkcg/Nts
31500000179623,DH_ex_Tac2
31500000124438,oligodendrocyte_progenitor_2
31500000116399,MV_in_Gm26673
31500000130674,oligodendrocyte_progenitor_2
31500000181110,astrocyte_1
31500000157590,MV_ex_Syt2
31500000193765,DH_ex_Reln/Nmur2
31500000170080,DH_ex_Grp
31500000147347,M_in_Tfap2b
31500000100694,DH_ex_Prkcg/Nts
31500000199334,astrocyte_1
31500000191043,oligodendrocyte_progenitor_2
31500000199860,astrocyte_1
31500000106543,oligodendrocyte_2
31500000128915,DH_in_Cdh3
31500000187918,astrocyte_2
31500000153654,DH_in_Npy2r
31500000104883,MV_in_Gabra1
31500000123672,astrocyte_1
31500000195220,DH_ex_Reln/Nmur2
31500000190139,MV_in_Gabra1
31500000135069,astrocyte_1
31500000197980,astrocyte_1
31500000144401,meninges_1
31500000166677,MV_in_Gm26673
31500000172125,oligodendrocyte_1
31500000185124,DH_in_Cdh3
31500000121951,oligodendrocyte_progenitor_2
31500000194548,astrocyte_1
31500000128471,oligodendrocyte_2
31500000133527,oligodendrocyte_2
31500000140994,DM_ex_Zfhx3
31500000137709,astrocyte_1
31500000181414,astrocyte_1
31500000184867,oligodendrocyte_1
31500000114452,DM_ex_Zfhx3
31500000169836,MV_in_Gabra1
31500000136109,astrocyte_1
31500000136846,oligodendrocyte_2
31500000162031,DH_ex_Nmu/Tac2
31500000129931,oligodendrocyte_progenitor_2
31500000188591,MV_in_Sema5b
31500000156235,MV_in_Gm26673
31500000125457,oligodendrocyte_2
31500000139161,endothelial
31500000109350,DH_ex_Tac2
31500000144766,oligodendrocyte_2
31500000165421,oligodendrocyte_precursor_cell
31500000114304,M_in_Tfap2b
31500000136127,DH_in_Cdh3
31500000191237,oligodendrocyte_1
31500000134511,astrocyte_1
31500000118564,endothelial
31500000151496,DH_ex_Prkcg/Nts
31500000108034,oligodendrocyte_progenitor_2
31500000156428,MV_ex_Shox2
31500000109777,alpha_motoneuron
31500000157299,M_ex_Vsx2/Shox2
31500000181573,DH_ex_Prkcg/Nts
31500000100302,astrocyte_1
31500000197334,microglia
31500000146860,astrocyte_1
31500000181068,astrocyte_1
31500000169182,oligodendrocyte_progenitor_1
31500000112680,DH_ex_Prkcg/Cck
31500000133147,astrocyte_1
31500000172091,DH_ex_Maf/Cck
31500000110650,oligodendrocyte_1
31500000184358,oligodendrocyte_2
31500000128873,oligodendrocyte_1
31500000116688,oligodendrocyte_2
31500000128553,oligodendrocyte_progenitor_2
31500000158863,astrocyte_1
31500000197426,DH_in_Cdh3
31500000137787,oligodendrocyte_1
31500000106715,astrocyte_1
31500000125471,oligodendrocyte_1
31500000126871,pericyte
31500000173573,oligodendrocyte_1
31500000144501,DH_in_Cdh3
31500000103727,astrocyte_1
31500000125674,astrocyte_1
31500000160466,oligodendrocyte_precursor_cell
31500000159826,MV_in_Gm26673
31500000155714,astrocyte_1
31500000180445,DH_ex_Nmu/Tac2
31500000195007,alpha_motoneuron
31500000130676,oligodendrocyte_progenitor_2
31500000137730,MV_in_Gabra1
31500000152841,oligodendrocyte_progenitor_1
31500000161562,oligodendrocyte_progenitor_2
31500000195701,gamma_motoneuron
31500000175471,DH_ex_Reln
31500000188860,oligodendrocyte_2
31500000174691,DM_ex_Zfhx3
31500000118544,astrocyte_1
31500000170826,MV_in_Gabra1
31500000103869,M_in_Tfap2b
31500000102679,DH_in_Cdh3
31500000173896,oligodendrocyte_progenitor_2
31500000183782,MV_in_Gabra1
31500000124116,meninges_1
31500000191341,astrocyte_1
31500000125831,MV_in_Chrna2
31500000179044,meninges_1
31500000159715,microglia
31500000139362,MV_ex_Syt2
31500000167820,oligodendrocyte_2
31500000106927,oligodendrocyte_1
31500000120146,oligodendrocyte_progenitor_2
31500000180270,microglia
31500000165825,DH_in_Cdh3
31500000111868,oligodendrocyte_progenitor_2
31500000130323,microglia
31500000119367,DH_ex_Reln/Nmur2
31500000137569,DH_in_Cdh3
31500000174161,astrocyte_1
31500000112237,DH_ex_Sox5/Tac1
31500000169382,DH_in_Cdh3
31500000128368,oligodendrocyte_progenitor_2
31500000186397,astrocyte_1
31500000107638,oligodendrocyte_1
31500000198229,astrocyte_1
31500000171433,DH_in_Pdyn
31500000152832,oligodendrocyte_2
31500000126791,oligodendrocyte_2
31500000106332,astrocyte_1
31500000172016,oligodendrocyte_precursor_cell
31500000123945,DH_ex_Nmu/Tac2
31500000183535,oligodendrocyte_precursor_cell
31500000142103,MV_in_Gabra1
31500000104926,astrocyte_1
31500000130612,DH_in_Pdyn/Gal
31500000159855,alpha_motoneuron
31500000148768,DH_in_Cdh3
31500000154432,endothelial
31500000124143,endothelial
31500000160793,oligodendrocyte_2
31500000184403,oligodendrocyte_progenitor_2
31500000153561,DH_ex_Gpr83
31500000161543,oligodendrocyte_progenitor_2
31500000105279,DH_ex_Sox5
31500000194463,gamma_motoneuron
31500000163167,oligodendrocyte_progenitor_1
31500000123398,DH_in_Cdh3
31500000193283,DH_ex_Sox5/Tac1
31500000109033,endothelial
31500000192063,DH_ex_Maf/Cck
31500000106253,DH_in_Pdyn
31500000196027,M_ex_Vsx2
31500000165900,oligodendrocyte_2
31500000180718,oligodendrocyte_progenitor_2
31500000179307,alpha_motoneuron
31500000170061,gamma_motoneuron
31500000158328,astrocyte_1
31500000150112,oligodendrocyte_1
31500000175172,DH_ex_Reln
31500000155274,astrocyte_1
31500000150399,alpha_motoneuron
31500000139856,astrocyte_1
31500000149993,DH_ex_Prkcg/Rxfp1
31500000168522,oligodendrocyte_progenitor_2
31500000165011,MV_in_Gabra1
31500000194746,oligodendrocyte_progenitor_2
31500000139708,oligodendrocyte_progenitor_2
31500000197715,endothelial
31500000177436,alpha_motoneuron
31500000189737,DH_ex_Gpr83
31500000125439,oligodendrocyte_progenitor_2
31500000116259,DH_ex_Tac2
31500000140476,DM_ex_Zfhx3
31500000142006,MV_in_Sema5b
31500000104552,DH_ex_Prkcg/Nts
31500000152212,oligodendrocyte_progenitor_2
31500000151572,oligodendrocyte_precursor_cell
31500000102313,MV_in_Gabra1
31500000136316,MV_ex_Shox2
31500000125812,alpha_motoneuron
31500000137931,oligodendrocyte_progenitor_2
31500000101037,oligodendrocyte_progenitor_2
31500000103235,endothelial
31500000140412,endothelial
31500000148818,astrocyte_1
31500000126029,astrocyte_1
31500000192511,oligodendrocyte_progenitor_2
31500000197604,MV_in_Gm26673
31500000126229,oligodendrocyte_2
31500000164071,oligodendrocyte_progenitor_2
31500000130378,oligodendrocyte_2
31500000178782,astrocyte_1
31500000166631,endothelial
31500000186896,oligodendrocyte_progenitor_2
31500000137408,oligodendrocyte_2
31500000121863,DH_ex_Reln
31500000136180,endothelial
31500000149938,astrocyte_1
31500000148926,MV_in_Sema5b
31500000136027,DH_in_Cdh3
31500000169867,visceral_motoneuron
31500000102391,oligodendrocyte_progenitor_2
31500000178469,oligodendrocyte_progenitor_2
31500000117308,oligodendrocyte_progenitor_2
31500000116950,M_ex_Vsx2
31500000189894,astrocyte_1
31500000132783,oligodendrocyte_precursor_cell
31500000145582,oligodendrocyte_progenitor_2
31500000155865,DH_ex_Grp
31500000111023,astrocyte_2
31500000173955,oligodendrocyte_precursor_cell
31500000141253,oligodendrocyte_1
31500000191089,DH_ex_Reln/Nmur2
31500000143255,MV_in_Gabra1
31500000107135,Schwann_cell
31500000127486,MV_in_Gabra1
31500000134207,astrocyte_1
31500000146902,astrocyte_1
31500000126726,oligodendrocyte_1
31500000160661,astrocyte_1
31500000180763,M_in_Tfap2b
31500000120314,oligodendrocyte_progenitor_2
31500000124409,oligodendrocyte_2
31500000174940,oligodendrocyte_2
31500000121811,oligodendrocyte_2
31500000124691,oligodendrocyte_precursor_cell
31500000137231,astrocyte_2
31500000137586,DH_ex_Reln/Nmur2
31500000152886,astrocyte_2
31500000171392,oligodendrocyte_1
31500000167564,oligodendrocyte_progenitor_2
31500000139925,MV_in_Esrrb
31500000115974,astrocyte_1
31500000180140,gamma_motoneuron
31500000187299,endothelial
31500000170334,DH_ex_Sox5/Tac1
31500000139901,MV_in_Gabra1
31500000192622,MV_in_Gabra1
31500000169113,M_ex_Vsx2
31500000143710,oligodendrocyte_1
31500000133364,peripheral_glia
31500000133026,DH_ex_Reln/Nmur2
31500000133326,oligodendrocyte_progenitor_2
31500000186305,astrocyte_2
31500000104700,DH_ex_Gpr83
31500000129450,MV_ex_Shox2
31500000117992,DH_in_Cdh3
31500000162621,oligodendrocyte_progenitor_2
31500000196859,oligodendrocyte_2
31500000183454,DH_in_Pdyn
31500000161092,Schwann_cell
31500000117985,oligodendrocyte_progenitor_2
31500000144958,M_ex_Vsx2/Shox2
31500000104321,astrocyte_1
31500000120025,oligodendrocyte_2
31500000132327,oligodendrocyte_2
31500000135414,alpha_motoneuron
31500000130768,DH_in_Npy
31500000179565,meninges_3
31500000153231,meninges_1
31500000175587,MV_ex_Syt2
31500000110799,alpha_motoneuron
31500000111706,astrocyte_1
31500000144881,astrocyte_2
31500000194550,astrocyte_1
31500000116804,astrocyte_1
31500000137518,astrocyte_1
31500000145086,DH_in_Pdyn
31500000126847,meninges_1
31500000191253,DH_ex_Gpr83
31500000129591,oligodendrocyte_1
31500000165351,endothelial
31500000101624,oligodendrocyte_1
31500000176333,DH_in_Rorb
31500000117639,oligodendrocyte_2
31500000102555,Schwann_cell
31500000134639,astrocyte_1
31500000107933,oligodendrocyte_progenitor_2
31500000184103,endothelial
31500000191710,oligodendrocyte_2
31500000150173,DH_ex_Grpr
31500000139587,oligodendrocyte_progenitor_2
31500000117583,MV_in_Esrrb
31500000138430,oligodendrocyte_2
31500000146084,astrocyte_2
31500000192612,oligodendrocyte_1
31500000160638,meninges_2
31500000119856,oligodendrocyte_1
31500000115978,oligodendrocyte_2
31500000123630,oligodendrocyte_precursor_cell
31500000163254,MV_in_Gm26673
31500000130298,DH_in_Pdyn
31500000139026,DH_ex_Maf/Cck
31500000125310,oligodendrocyte_2
31500000132397,astrocyte_1
31500000154223,oligodendrocyte_progenitor_2
31500000111200,DH_ex_Reln
31500000161384,MV_in_Gabra1
31500000149241,endothelial
31500000159016,astrocyte_1
31500000161670,oligodendrocyte_progenitor_2
31500000169217,MV_in_Gabra1
31500000153161,astrocyte_1
31500000157039,MV_in_Gabra1
31500000170918,DH_in_Pdyn/Gal
31500000122656,Schwann_cell
31500000102230,oligodendrocyte_2
31500000125133,oligodendrocyte_progenitor_2
31500000154172,oligodendrocyte_2
31500000109727,endothelial
31500000179172,oligodendrocyte_2
31500000162734,oligodendrocyte_progenitor_2
31500000153567,DH_ex_Prkcg/Cck
31500000103491,endothelial
31500000153728,DH_in_Pdyn
31500000148667,endothelial
31500000113058,oligodendrocyte_progenitor_2
31500000171236,oligodendrocyte_1
31500000124265,M_ex_Vsx2/Shox2
31500000105647,MV_in_Gabra1
31500000104495,DH_in_Npy2r
31500000176223,M_in_Tfap2b
31500000140051,oligodendrocyte_progenitor_2
31500000101425,DH_ex_Sox5/Tac1
31500000153509,oligodendrocyte_progenitor_2
31500000131564,astrocyte_1
31500000160021,MV_in_Gabra1
31500000187924,oligodendrocyte_progenitor_2
31500000161502,astrocyte_1
31500000188182,oligodendrocyte_2
31500000183860,MV_in_Gm26673
31500000174800,DM_ex_Zfhx3
31500000164161,astrocyte_1
31500000190531,astrocyte_1
31500000102815,meninges_1
31500000197957,DH_ex_Maf/Cck
31500000129102,oligodendrocyte_2
31500000135340,beta_motoneuron
31500000103213,alpha_motoneuron
31500000129876,DM_ex_Zfhx3
31500000138004,oligodendrocyte_2
31500000150763,endothelial
31500000117628,DH_ex_Prkcg/Nts
31500000177397,alpha_motoneuron
31500000140368,oligodendrocyte_2
31500000129917,astrocyte_2
31500000175570,oligodendrocyte_progenitor_2
31500000171259,MV_ex_Syt2
31500000181857,alpha_motoneuron
31500000126600,DM_ex_Zfhx3
31500000160075,pericyte
31500000118893,DH_in_Pdyn/Gal
31500000134819,MV_in_Sema5b
31500000182561,astrocyte_1
31500000182288,oligodendrocyte_1
31500000115717,DH_in_Npy2r
31500000182871,oligodendrocyte_progenitor_2
31500000158970,oligodendrocyte_progenitor_2
31500000153622,Schwann_cell
31500000173385,oligodendrocyte_1
31500000168338,alpha_motoneuron
31500000160872,oligodendrocyte_1
31500000158471,astrocyte_1
31500000128189,DM_ex_Zfhx3
31500000153007,oligodendrocyte_progenitor_2
31500000111409,astrocyte_1
31500000114606,endothelial
31500000148214,astrocyte_1
31500000166146,DH_ex_Cpne4
31500000120336,astrocyte_1
31500000129560,DH_in_Npy2r
31500000100256,astrocyte_1
31500000175081,astrocyte_1
31500000170446,endothelial
31500000122070,MV_in_Gabra1
31500000170384,astrocyte_2
31500000182816,endothelial
31500000199305,astrocyte_1
31500000197970,oligodendrocyte_2
31500000102613,DH_in_Pdyn/Gal
31500000185666,DH_ex_Maf/Cck
31500000195208,endothelial
31500000174476,gamma_motoneuron
31500000161133,astrocyte_1
31500000188084,DH_in_Cdh3
31500000115094,DH_ex_Prkcg/Cck
31500000133158,oligodendrocyte_progenitor_2
31500000199341,oligodendrocyte_progenitor_2
31500000183174,meninges_3
31500000178791,endothelial
31500000195656,oligodendrocyte_progenitor_2
31500000114880,astrocyte_1
31500000146265,oligodendrocyte_progenitor_2
31500000180828,oligodendrocyte_2
31500000152583,M_ex_Vsx2/Shox2
31500000168585,DH_ex_Grpr
31500000154154,oligodendrocyte_2
31500000116115,astrocyte_1
31500000193618,DM_ex_Zfhx3
31500000169809,oligodendrocyte_1
31500000156734,Schwann_cell
31500000135243,DH_ex_Sox5/Tac1
31500000148454,DH_ex_Reln
31500000125169,DH_ex_Grp
31500000128951,M_ex_Vsx2/Shox2
31500000194466,MV_ex_Syt2
31500000188397,astrocyte_1
31500000171736,astrocyte_1
31500000179876,oligodendrocyte_precursor_cell
31500000169274,DH_in_Cdh3
31500000123944,oligodendrocyte_progenitor_2
31500000170268,oligodendrocyte_progenitor_2
31500000157593,DH_in_Cdh3
31500000152218,ependymal
31500000174249,astrocyte_1
31500000189193,oligodendrocyte_1
31500000174803,peripheral_glia
31500000193626,astrocyte_2
31500000128037,oligodendrocyte_progenitor_2
31500000120320,oligodendrocyte_2
31500000120235,DH_in_Cdh3
31500000104106,MV_in_Gabra1
31500000158308,DH_in_Cdh3
31500000122042,MV_in_Gm26673
31500000118283,oligodendrocyte_2
31500000163091,astrocyte_2
31500000178694,astrocyte_1
31500000158346,astrocyte_1
31500000117099,endothelial
31500000105604,oligodendrocyte_progenitor_2
31500000104533,meninges_1
31500000166327,DH_in_Npy2r
31500000177434,oligodendrocyte_precursor_cell
31500000147980,MV_ex_Syt2
31500000118105,endothelial
31500000124189,DH_ex_Reln/Nmur2
31500000143298,MV_in_Gm26673
31500000134276,DH_ex_Grp
31500000143219,DM_ex_Zfhx3
31500000145943,astrocyte_2
31500000161090,astrocyte_1
31500000168706,MV_in_Gm26673
31500000195809,MV_ex_Syt2
31500000170569,DH_ex_Reln
31500000187878,alpha_motoneuron
31500000143405,astrocyte_2
31500000165746,MV_in_Sema5b
31500000191929,astrocyte_1
31500000140543,MV_in_Gabra1
31500000159055,oligodendrocyte_progenitor_2
31500000143288,astrocyte_1
31500000167389,astrocyte_1
31500000143806,MV_in_Gabra1
31500000148347,astrocyte_1
31500000140995,DH_in_Cdh3
31500000127316,astrocyte_2
31500000144580,oligodendrocyte_2
31500000138164,MV_in_Gabra1
31500000148807,DH_ex_Prkcg/Nts
31500000171229,astrocyte_2
31500000110021,meninges_1
31500000101584,astrocyte_1
31500000183996,endothelial
31500000104116,oligodendrocyte_progenitor_2
31500000171933,endothelial
31500000197459,DH_ex_Prkcg/Rxfp1
31500000126267,oligodendrocyte_progenitor_2
31500000163282,MV_in_Chrna2
31500000161348,DH_ex_Grp
31500000100755,DH_in_Npy
31500000103389,oligodendrocyte_progenitor_2
31500000149359,endothelial
31500000168240,MV_ex_Shox2
31500000120225,astrocyte_1
31500000120526,DH_ex_Maf/Cck
31500000131482,oligodendrocyte_2
31500000176950,astrocyte_1
31500000146820,MV_in_Esrrb
31500000123736,endothelial
31500000104825,MV_in_Gm26673
31500000179542,oligodendrocyte_progenitor_2
31500000196492,astrocyte_1
31500000179496,astrocyte_1
31500000160783,oligodendrocyte_2
31500000189919,oligodendrocyte_progenitor_2
31500000128031,DH_ex_Maf/Cck
31500000119535,MV_in_Sema5b
31500000179391,DM_ex_Zfhx3
31500000176092,MV_ex_Syt2
31500000182127,DH_in_Pdyn/Gal
31500000151195,MV_in_Esrrb
31500000115986,oligodendrocyte_2
31500000169676,oligodendrocyte_progenitor_2
31500000170674,oligodendrocyte_progenitor_2
31500000127239,DH_in_Pdyn
31500000158072,astrocyte_1
31500000108329,astrocyte_1
31500000126287,oligodendrocyte_precursor_cell
31500000138876,DH_ex_Prkcg/Nts
31500000131146,alpha_motoneuron
31500000196302,oligodendrocyte_progenitor_2
31500000182238,oligodendrocyte_2
31500000185915,astrocyte_1
31500000181279,oligodendrocyte_progenitor_2
31500000171039,DH_ex_Reln
31500000126563,astrocyte_1
31500000128972,oligodendrocyte_progenitor_2
31500000171998,oligodendrocyte_progenitor_2
31500000195628,visceral_motoneuron
31500000176739,DH_in_Npy
31500000182052,astrocyte_1
31500000125303,oligodendrocyte_1
31500000127525,DM_ex_Zfhx3
31500000186118,oligodendrocyte_2
31500000101151,oligodendrocyte_1
31500000159857,DH_ex_Reln/Nmur2
31500000167290,astrocyte_2
31500000122512,MV_ex_Shox2
31500000143966,DH_in_Pdyn
31500000199953,MV_ex_Shox2
31500000174504,DH_ex_Prkcg/Nts
31500000126720,oligodendrocyte_1
31500000106816,oligodendrocyte_progenitor_2
31500000137995,oligodendrocyte_progenitor_2
31500000134898,oligodendrocyte_progenitor_2
31500000181055,oligodendrocyte_2
31500000129685,Schwann_cell
31500000107800,endothelial
31500000120713,astrocyte_1
31500000177013,alpha_motoneuron
31500000115623,oligodendrocyte_progenitor_2
31500000111072,oligodendrocyte_progenitor_2
31500000182466,oligodendrocyte_1
31500000181961,oligodendrocyte_1
31500000159931,DH_in_Cdh3
31500000164774,Schwann_cell
31500000174169,DH_ex_Cpne4
31500000151830,MV_in_Gabra1
31500000139875,oligodendrocyte_1
31500000190171,DH_in_Cdh3
31500000151426,endothelial
31500000166046,astrocyte_1
31500000134394,oligodendrocyte_precursor_cell
31500000172640,Schwann_cell
31500000127580,oligodendrocyte_progenitor_2
31500000158739,oligodendrocyte_1
31500000101085,astrocyte_1
31500000157852,MV_ex_Shox2
31500000128862,meninges_2
31500000193601,DH_ex_Maf/Cck
31500000150478,MV_in_Gm26673
31500000103596,oligodendrocyte_2
31500000143849,MV_in_Gabra1
31500000176540,DH_in_Pdyn/Gal
31500000109297,astrocyte_1
31500000150005,oligodendrocyte_progenitor_2
31500000129100,MV_in_Sema5b
31500000121077,astrocyte_2
31500000163401,DH_ex_Reln/Nmur2
31500000175054,oligodendrocyte_progenitor_2
31500000184702,DH_in_Npy
31500000189225,MV_ex_Shox2
31500000175769,oligodendrocyte_1
31500000150752,oligodendrocyte_precursor_cell
31500000127170,DH_ex_Tac2
31500000114013,oligodendrocyte_progenitor_2
31500000187705,DH_in_Cdh3
31500000111570,astrocyte_1
31500000170088,astrocyte_1
31500000144697,astrocyte_2
31500000198240,MV_in_Chrna2
31500000154993,oligodendrocyte_2
31500000144833,DH_in_Cdh3
31500000173062,M_ex_Vsx2/Shox2
31500000130151,oligodendrocyte_progenitor_2
31500000149383,astrocyte_1
31500000189366,DH_ex_Prkcg/Nts
31500000143655,endothelial
31500000172378,DH_in_Pdyn/Gal
31500000132796,DH_ex_Cpne4
31500000157064,astrocyte_1
31500000199098,endothelial
31500000109633,endothelial
31500000162466,DH_in_Cdh3
31500000196811,M_ex_Vsx2/Shox2
31500000179329,DH_in_Rorb
31500000144727,DH_in_Npy2r
31500000100347,MV_in_Gabra1
31500000122697,endothelial
31500000195417,DH_in_Npy2r
31500000162520,astrocyte_1
31500000164197,Schwann_cell
31500000140586,MV_in_Gm26673
31500000111632,oligodendrocyte_precursor_cell
31500000127024,MV_in_Esrrb
31500000162177,astrocyte_1
31500000172315,astrocyte_1
31500000151385,MV_in_Gm26673
31500000159247,oligodendrocyte_progenitor_2
31500000195104,meninges_1
31500000180974,MV_in_Chrna2
31500000180190,endothelial
31500000157920,endothelial
31500000182670,peripheral_glia
31500000187711,oligodendrocyte_progenitor_2
31500000189918,microglia
31500000165874,DH_in_Cdh3
31500000122332,DH_ex_Gpr83
31500000191245,DH_in_Pdyn
31500000159082,MV_ex_Syt2
31500000120293,MV_in_Chrna2
31500000166826,oligodendrocyte_progenitor_2
31500000187773,DM_ex_Zfhx3
31500000119395,oligodendrocyte_progenitor_2
31500000138547,DH_ex_Nmu/Tac2
31500000128089,MV_ex_Shox2
31500000179753,astrocyte_1
31500000130176,DH_ex_Prkcg/Cck
31500000163009,DH_ex_Prkcg/Rxfp1
31500000114967,DH_ex_Maf/Cck
31500000182241,endothelial
31500000161311,endothelial
31500000194953,ependymal
31500000135160,DH_ex_Prkcg/Nts
31500000179016,DH_in_Rorb
31500000143275,oligodendrocyte_2
31500000196063,astrocyte_1
31500000112924,DH_in_Cdh3
31500000146815,astrocyte_1
31500000104601,astrocyte_1
31500000107793,MV_in_Gabra1
31500000113638,DH_in_Cdh3
31500000101875,endothelial
31500000125287,M_ex_Neurod2
31500000189761,DH_in_Npy
31500000119643,astrocyte_1
31500000138760,oligodendrocyte_progenitor_2
31500000145820,alpha_motoneuron
31500000193389,MV_in_Esrrb
31500000189026,oligodendrocyte_progenitor_2
31500000110657,alpha_motoneuron
31500000144682,DM_ex_Zfhx3
31500000105074,oligodendrocyte_1
31500000173269,DH_ex_Reln/Npff
31500000195813,astrocyte_1
31500000179360,gamma_motoneuron
31500000134843,astrocyte_1
31500000120596,DM_ex_Zfhx3
31500000181520,MV_in_Esrrb
31500000165563,oligodendrocyte_progenitor_2
31500000172713,DH_ex_Prkcg/Rxfp1
31500000191292,oligodendrocyte_precursor_cell
31500000103697,DH_in_Npy
31500000141753,astrocyte_1
31500000125835,oligodendrocyte_progenitor_2
31500000192867,alpha_motoneuron
31500000136582,meninges_3
31500000160737,DH_ex_Maf/Cck
31500000128711,meninges_1
31500000151415,endothelial
31500000159935,oligodendrocyte_2
31500000139177,astrocyte_1
31500000188074,endothelial
31500000177446,oligodendrocyte_2
31500000125184,DH_ex_Prkcg/Rxfp1
31500000127326,endothelial
31500000193887,astrocyte_1
31500000138837,MV_in_Gm26673
31500000185969,DH_ex_Reln/Nmur2
31500000160127,oligodendrocyte_2
31500000191318,oligodendrocyte_progenitor_2
31500000143353,pericyte
31500000193876,Schwann_cell
31500000105846,DH_in_Npy2r
31500000130641,oligodendrocyte_1
31500000156184,MV_in_Gabra1
31500000192254,DH_ex_Prkcg/Nts
31500000129930,peripheral_glia
31500000140705,oligodendrocyte_2
31500000181576,oligodendrocyte_precursor_cell
31500000123203,DH_ex_Sox5/Tac1
31500000106447,astrocyte_1
31500000101526,endothelial
31500000157567,DH_in_Cdh3
31500000161568,MV_in_Sema5b
31500000139891,astrocyte_1
31500000119104,DH_in_Pdyn
31500000198170,endothelial
31500000181928,endothelial
31500000107514,DH_in_Cdh3
31500000142909,oligodendrocyte_1
31500000136422,DH_in_Npy2r
31500000101722,oligodendrocyte_2
31500000183502,DM_ex_Zfhx3
31500000108209,astrocyte_1
31500000120176,oligodendrocyte_2
31500000129994,oligodendrocyte_2
31500000175840,microglia
31500000138054,alpha_motoneuron
31500000123521,DH_ex_Reln/Nmur2
31500000119934,alpha_motoneuron
31500000178557,oligodendrocyte_progenitor_2
31500000144448,DH_in_Cdh3
31500000172899,astrocyte_1
31500000145634,oligodendrocyte_2
31500000104160,M_ex_Vsx2
31500000162595,oligodendrocyte_2
31500000133125,oligodendrocyte_progenitor_2
31500000158667,oligodendrocyte_progenitor_2
31500000118433,DH_in_Rorb
31500000115164,visceral_motoneuron
31500000122066,astrocyte_1
31500000154991,MV_in_Gm26673
31500000180963,astrocyte_1
31500000144787,DH_ex_Maf/Cck
31500000143406,DH_in_Rorb
31500000134642,oligodendrocyte_1
31500000158941,endothelial
31500000116641,MV_in_Gm26673
31500000161687,DH_ex_Reln/Npff
31500000134993,astrocyte_1
31500000115336,endothelial
31500000134348,astrocyte_1
31500000141823,DH_ex_Grpr
31500000140894,astrocyte_1
31500000185184,M_ex_Vsx2/Shox2
31500000192879,oligodendrocyte_progenitor_2
31500000184797,oligodendrocyte_progenitor_2
31500000128747,DM_ex_Zfhx3
31500000101971,DH_ex_Maf/Cck
31500000175602,oligodendrocyte_2
31500000148080,DH_ex_Tac2
31500000139192,oligodendrocyte_progenitor_2
31500000144548,astrocyte_1
31500000104675,oligodendrocyte_2
31500000101336,astrocyte_1
31500000188077,astrocyte_1
31500000121933,DH_ex_Prkcg/Nts
31500000121724,endothelial
31500000169847,astrocyte_1
31500000105308,astrocyte_1
31500000150178,oligodendrocyte_2
31500000192954,DH_in_Npy
31500000159365,DH_ex_Gpr83
31500000197828,endothelial
31500000167190,MV_in_Gm26673
31500000197762,DH_ex_Sox5
31500000153056,MV_in_Gabra1
31500000135072,astrocyte_2
31500000111711,oligodendrocyte_2
31500000193863,microglia
31500000189991,oligodendrocyte_progenitor_2
31500000190721,astrocyte_1
31500000195168,astrocyte_1
31500000131340,oligodendrocyte_progenitor_2
31500000147199,endothelial
31500000130105,microglia
31500000100420,astrocyte_1
31500000142275,DH_ex_Reln/Nmur2
31500000146417,oligodendrocyte_progenitor_2
31500000125447,MV_in_Esrrb
31500000165710,DH_in_Npy
31500000110964,MV_in_Gm26673
31500000104912,oligodendrocyte_progenitor_2
31500000132301,oligodendrocyte_progenitor_2
31500000121329,DH_ex_Prkcg/Nts
31500000103249,DH_ex_Sox5
31500000198592,DH_in_Npy
31500000175361,oligodendrocyte_progenitor_2
31500000124827,oligodendrocyte_progenitor_2
31500000184902,M_ex_Vsx2/Shox2
31500000108578,oligodendrocyte_2
31500000159288,oligodendrocyte_progenitor_2
31500000176759,meninges_1
31500000166012,DH_ex_Reln/Nmur2
31500000151435,DH_ex_Prkcg/Nts
31500000132987,M_ex_Neurod2
31500000197972,astrocyte_1
31500000183139,MV_ex_Syt2
31500000138303,oligodendrocyte_2
31500000166874,meninges_1
31500000132214,MV_in_Esrrb
31500000148264,oligodendrocyte_1
31500000166198,oligodendrocyte_2
31500000152844,meninges_1
31500000147356,alpha_motoneuron
31500000126495,endothelial
31500000110537,DH_ex_Gpr83
31500000151202,astrocyte_1
31500000139770,DH_ex_Tac2
31500000114937,oligodendrocyte_2
31500000142635,endothelial
31500000182188,M_in_Tfap2b
31500000132866,MV_in_Gabra1
31500000195169,astrocyte_1
31500000185824,oligodendrocyte_progenitor_2
31500000117831,endothelial
31500000139216,astrocyte_1
31500000198163,oligodendrocyte_2
31500000165810,DH_in_Cdh3
31500000115310,oligodendrocyte_progenitor_2
31500000135078,meninges_3
31500000132144,oligodendrocyte_2
31500000137692,oligodendrocyte_1
31500000150240,meninges_2
31500000134318,DH_ex_Reln
31500000169321,DH_ex_Reln/Nmur2
31500000105633,MV_ex_Syt2
31500000107524,DH_ex_Prkcg/Rxfp1
31500000184520,DH_ex_Nmu/Tac2
31500000135964,oligodendrocyte_progenitor_2
31500000137615,astrocyte_1
31500000157358,MV_in_Gm26673
31500000136736,endothelial
31500000146158,MV_in_Gabra1
31500000174535,oligodendrocyte_2
31500000118342,astrocyte_1
31500000190135,endothelial
31500000181959,oligodendrocyte_progenitor_2
31500000122054,astrocyte_2
31500000158053,DH_ex_Prkcg/Nts
31500000123682,oligodendrocyte_precursor_cell
31500000142880,DH_ex_Nmu/Tac2
31500000101837,DH_in_Rorb
31500000115946,astrocyte_1
31500000199125,M_ex_Vsx2/Shox2
31500000156424,DH_in_Rorb
31500000111081,oligodendrocyte_2
31500000167579,astrocyte_1
31500000108694,DH_in_Cdh3
31500000174108,gamma_motoneuron
31500000176588,DM_ex_Zfhx3
31500000121450,DH_ex_Sox5
31500000131027,oligodendrocyte_progenitor_2
31500000170420,DH_ex_Nmu/Tac2
31500000142667,oligodendrocyte_progenitor_2
31500000138785,oligodendrocyte_progenitor_2
31500000114261,oligodendrocyte_progenitor_2
31500000117295,DH_ex_Grpr
31500000161301,MV_in_Sema5b
31500000112088,oligodendrocyte_2
31500000114376,meninges_2
31500000139686,microglia
31500000167267,oligodendrocyte_progenitor_2
31500000111242,DH_ex_Sox5/Tac1
31500000193800,endothelial
31500000149352,astrocyte_2
31500000171101,meninges_2
31500000115411,DH_ex_Nmu/Tac2
31500000125578,endothelial
31500000142354,astrocyte_1
31500000169743,MV_in_Esrrb
31500000194855,DH_in_Npy2r
31500000171013,MV_in_Sema5b
31500000153795,oligodendrocyte_progenitor_2
31500000149461,alpha_motoneuron
31500000107499,alpha_motoneuron
31500000118148,oligodendrocyte_progenitor_2
31500000164620,oligodendrocyte_2
31500000135048,oligodendrocyte_progenitor_2
31500000159842,oligodendrocyte_progenitor_2
31500000194990,astrocyte_1
31500000119195,gamma_motoneuron
31500000129317,MV_in_Gabra1
31500000144875,astrocyte_1
31500000125065,oligodendrocyte_progenitor_2
31500000101258,DH_ex_Reln
31500000161341,microglia
31500000177093,MV_in_Gm26673
31500000166527,MV_ex_Syt2
31500000173363,oligodendrocyte_2
31500000140925,astrocyte_1
31500000130338,oligodendrocyte_1
31500000142535,astrocyte_1
31500000125531,oligodendrocyte_progenitor_2
31500000172494,astrocyte_2
31500000169202,MV_ex_Shox2
31500000164275,astrocyte_1
31500000185475,MV_in_Esrrb
31500000127588,MV_ex_Shox2
31500000176029,oligodendrocyte_progenitor_2
31500000196074,MV_ex_Syt2
31500000114770,DH_ex_Gpr83
31500000186698,oligodendrocyte_2
31500000169302,astrocyte_1
31500000129286,astrocyte_1
31500000144436,astrocyte_1
31500000121476,oligodendrocyte_1
31500000113951,oligodendrocyte_progenitor_2
31500000194705,oligodendrocyte_precursor_cell
31500000151268,DH_in_Cdh3
31500000122552,MV_in_Gabra1
31500000109112,alpha_motoneuron
31500000195697,oligodendrocyte_progenitor_2
31500000174335,astrocyte_1
31500000111618,astrocyte_1
31500000183053,Schwann_cell
31500000155110,oligodendrocyte_1
31500000135647,oligodendrocyte_progenitor_2
31500000191785,DH_ex_Cpne4
31500000152922,DH_ex_Maf/Cck
31500000198191,oligodendrocyte_progenitor_2
31500000153490,DH_in_Cdh3
31500000188196,DH_in_Pdyn
31500000164684,endothelial
31500000196912,DH_ex_Prkcg/Nts
31500000137310,astrocyte_1
31500000128002,astrocyte_1
31500000135066,MV_ex_Syt2
31500000190321,astrocyte_1
31500000197290,oligodendrocyte_2
31500000126596,oligodendrocyte_1
31500000135054,oligodendrocyte_progenitor_2
31500000119252,DH_ex_Prkcg/Nts
31500000165851,oligodendrocyte_progenitor_2
31500000127360,endothelial
31500000177857,DH_in_Cdh3
31500000141672,DH_in_Pdyn/Gal
31500000106570,endothelial
31500000111379,M_in_Tfap2b
31500000144568,DH_ex_Prkcg/Rxfp1
31500000150292,astrocyte_1
31500000100868,DH_ex_Cpne4
31500000152140,microglia
31500000126368,meninges_1
31500000163978,astrocyte_1
31500000137592,astrocyte_1
31500000174954,astrocyte_1
31500000146268,oligodendrocyte_1
31500000170270,meninges_1
31500000166850,oligodendrocyte_2
31500000195216,DH_ex_Reln/Nmur2
31500000182832,astrocyte_1
31500000186573,astrocyte_1
31500000133108,oligodendrocyte_2
31500000130135,MV_ex_Shox2
31500000164776,alpha_motoneuron
31500000149806,oligodendrocyte_1
31500000165738,oligodendrocyte_progenitor_2
31500000115830,oligodendrocyte_progenitor_2
31500000196721,MV_in_Gm26673
31500000119569,MV_in_Gabra1
31500000106699,DH_ex_Sox5
31500000180364,MV_ex_Syt2
31500000168150,oligodendrocyte_2
31500000164936,DH_ex_Prkcg/Cck
31500000184398,oligodendrocyte_progenitor_2
31500000173564,astrocyte_1
31500000121920,DH_ex_Nmu/Tac2
31500000159516,peripheral_glia
31500000113431,astrocyte_1
31500000111049,oligodendrocyte_progenitor_2
31500000128406,MV_in_Gm26673
31500000168326,meninges_3
31500000175692,oligodendrocyte_progenitor_2
31500000115902,oligodendrocyte_1
31500000189628,oligodendrocyte_progenitor_2
31500000158236,DH_in_Cdh3
31500000122014,MV_in_Esrrb
31500000161651,oligodendrocyte_progenitor_2
31500000195588,oligodendrocyte_1
31500000192422,oligodendrocyte_progenitor_2
31500000190840,M_ex_Vsx2
31500000133630,oligodendrocyte_precursor_cell
31500000105813,MV_in_Gm26673
31500000173722,DH_ex_Tac2
31500000170678,oligodendrocyte_progenitor_2
31500000135552,oligodendrocyte_1
31500000169722,DM_ex_Zfhx3
31500000158244,oligodendrocyte_progenitor_2
31500000120943,oligodendrocyte_2
31500000104417,DH_in_Cdh3
31500000133301,endothelial
31500000171275,DH_in_Pdyn
31500000155218,oligodendrocyte_progenitor_1
31500000144952,oligodendrocyte_1
31500000194132,endothelial
31500000177799,DM_ex_Zfhx3
31500000148769,DH_ex_Reln/Nmur2
31500000142130,oligodendrocyte_progenitor_2
31500000160095,MV_ex_Syt2
31500000106286,DH_in_Cdh3
31500000198225,astrocyte_2
31500000141274,oligodendrocyte_progenitor_2
31500000153204,oligodendrocyte_progenitor_2
31500000116517,endothelial
31500000116768,endothelial
31500000112982,DM_ex_Zfhx3
31500000165038,astrocyte_2
31500000188099,DH_in_Npy
31500000173899,astrocyte_2
31500000154059,oligodendrocyte_progenitor_2
31500000138216,oligodendrocyte_2
31500000151656,astrocyte_1
31500000120769,MV_in_Gabra1
31500000172909,oligodendrocyte_progenitor_2
31500000175502,endothelial
31500000137562,oligodendrocyte_1
31500000105887,astrocyte_2
31500000145986,peripheral_glia
31500000175093,oligodendrocyte_1
31500000164247,oligodendrocyte_precursor_cell
31500000194881,microglia
31500000183364,oligodendrocyte_2
31500000105785,DM_ex_Zfhx3
31500000142478,DM_ex_Zfhx3
31500000124977,oligodendrocyte_2
31500000178447,oligodendrocyte_progenitor_2
31500000109176,alpha_motoneuron
31500000151133,alpha_motoneuron
31500000127494,oligodendrocyte_progenitor_2
31500000140980,oligodendrocyte_1
31500000189548,oligodendrocyte_progenitor_2
31500000197444,endothelial
31500000172316,DH_ex_Reln/Npff
31500000177487,DH_ex_Maf/Cck
31500000131876,astrocyte_1
31500000167204,astrocyte_2
31500000121115,DH_in_Pdyn/Gal
31500000170174,M_ex_Vsx2
31500000137364,MV_in_Sema5b
31500000141909,DH_in_Cdh3
31500000165072,oligodendrocyte_progenitor_2
31500000161740,endothelial
31500000175526,astrocyte_1
31500000156878,astrocyte_1
31500000187317,oligodendrocyte_progenitor_2
31500000171539,MV_in_Gm26673
31500000139112,oligodendrocyte_progenitor_2
31500000156304,oligodendrocyte_2
31500000104724,astrocyte_1
31500000162250,astrocyte_1
31500000122964,DH_in_Npy2r
31500000162964,endothelial
31500000153629,DH_in_Npy2r
31500000139967,DH_ex_Grpr
31500000145815,endothelial
31500000144768,meninges_2
31500000197490,DH_ex_Reln
31500000115476,MV_in_Chrna2
31500000116836,DH_ex_Reln/Nmur2
31500000187745,oligodendrocyte_progenitor_2
31500000113586,DH_in_Cdh3
31500000113433,oligodendrocyte_1
31500000157031,meninges_1
31500000181453,DH_in_Cdh3
31500000143440,M_in_Tfap2b
31500000113355,oligodendrocyte_progenitor_2
31500000109465,oligodendrocyte_progenitor_2
31500000172233,oligodendrocyte_2
31500000126853,DH_ex_Reln/Nmur2
31500000168258,DH_ex_Prkcg/Cck
31500000135551,oligodendrocyte_1
31500000134685,endothelial
31500000187375,astrocyte_2
31500000116007,VH_in_Chat
31500000125510,oligodendrocyte_progenitor_2
31500000197898,MV_in_Gm26673
31500000179280,oligodendrocyte_1
31500000146798,oligodendrocyte_2
31500000151633,oligodendrocyte_progenitor_2
31500000129501,Schwann_cell
31500000193022,MV_ex_Syt2
31500000158110,oligodendrocyte_1
31500000182340,oligodendrocyte_progenitor_2
31500000196679,peripheral_glia
31500000191510,astrocyte_1
31500000180693,oligodendrocyte_progenitor_2
31500000161627,oligodendrocyte_progenitor_2
31500000119308,DH_in_Npy
31500000191955,oligodendrocyte_progenitor_2
31500000117753,MV_ex_Shox2
31500000169077,DH_ex_Reln/Nmur2
31500000137341,oligodendrocyte_2
31500000156154,astrocyte_2
31500000193060,oligodendrocyte_1
31500000105042,oligodendrocyte_progenitor_2
31500000117680,MV_in_Gm26673
31500000142789,astrocyte_1
31500000152781,DH_in_Cdh3
31500000171769,pericyte
31500000139469,astrocyte_1
31500000106938,astrocyte_2
31500000151826,endothelial
31500000199552,DH_ex_Maf/Cck
31500000101038,astrocyte_1
31500000106057,M_in_Tfap2b
31500000152980,oligodendrocyte_1
31500000142062,M_ex_Vsx2/Shox2
31500000179067,gamma_motoneuron
31500000129868,DH_ex_Maf/Cck
31500000188015,DM_ex_Zfhx3
31500000130196,astrocyte_1
31500000199711,MV_in_Gabra1
31500000160498,astrocyte_1
31500000173048,DH_ex_Sox5
31500000105628,endothelial
31500000149615,microglia
31500000163864,endothelial
31500000145012,oligodendrocyte_2
31500000117383,astrocyte_1
31500000160120,astrocyte_1
31500000157006,DM_ex_Zfhx3
31500000139603,oligodendrocyte_2
31500000162146,oligodendrocyte_progenitor_2
31500000164368,astrocyte_2
31500000187458,MV_ex_Syt2
31500000141628,oligodendrocyte_progenitor_2
31500000137375,oligodendrocyte_progenitor_2
31500000127618,MV_in_Esrrb
31500000147854,endothelial
31500000171179,MV_in_Sema5b
31500000123368,endothelial
31500000144054,Schwann_cell
31500000199924,meninges_1
31500000131017,DM_ex_Zfhx3
31500000164631,astrocyte_1
31500000176890,astrocyte_1
31500000187552,endothelial
31500000153674,MV_in_Gm26673
31500000113974,DH_ex_Prkcg/Nts
31500000113841,alpha_motoneuron
31500000176277,microglia
31500000102258,meninges_1
31500000108868,oligodendrocyte_2
31500000112520,astrocyte_1
31500000123610,DH_in_Cdh3
31500000139981,DH_ex_Prkcg/Nts
31500000183190,DH_ex_Cpne4
31500000199575,DH_ex_Reln/Nmur2
31500000138576,astrocyte_1
31500000186609,oligodendrocyte_1
31500000124237,MV_in_Gm26673
31500000198717,MV_ex_Syt2
31500000190793,oligodendrocyte_2
31500000151223,astrocyte_1
31500000134123,astrocyte_1
31500000158662,oligodendrocyte_1
31500000162119,DH_in_Cdh3
31500000186109,oligodendrocyte_2
31500000196689,oligodendrocyte_1
31500000169706,oligodendrocyte_2
31500000170560,oligodendrocyte_progenitor_2
31500000130756,oligodendrocyte_progenitor_2
31500000114344,MV_ex_Shox2
31500000132419,oligodendrocyte_progenitor_2
31500000138630,astrocyte_1
31500000141611,oligodendrocyte_1
31500000171041,oligodendrocyte_2
31500000136338,endothelial
31500000111437,DH_ex_Maf/Cck
31500000127192,oligodendrocyte_progenitor_2
31500000117189,MV_in_Gabra1
31500000163547,endothelial
31500000185400,astrocyte_1
31500000137454,astrocyte_1
31500000142632,endothelial
31500000191148,astrocyte_1
31500000188054,oligodendrocyte_precursor_cell
31500000190039,meninges_2
31500000108961,endothelial
31500000159623,oligodendrocyte_2
31500000184402,oligodendrocyte_2
31500000107797,DH_in_Rorb
31500000150549,astrocyte_1
31500000136117,MV_in_Gabra1
31500000166218,DH_ex_Sox5
31500000138952,DH_ex_Cpne4
31500000123665,MV_in_Esrrb
31500000171149,DM_ex_Zfhx3
31500000102685,oligodendrocyte_2
31500000104438,meninges_3
31500000138332,DH_in_Rorb
31500000183482,microglia
31500000156120,M_ex_Vsx2/Shox2
31500000180139,oligodendrocyte_progenitor_2
31500000196223,oligodendrocyte_2
31500000120252,astrocyte_1
31500000172840,DM_ex_Zfhx3
31500000136645,microglia
31500000189372,endothelial
31500000122790,alpha_motoneuron
31500000139463,oligodendrocyte_progenitor_1
31500000120311,astrocyte_1
31500000130989,MV_ex_Shox2
31500000101327,oligodendrocyte_progenitor_2
31500000110269,oligodendrocyte_1
31500000126102,DH_ex_Prkcg/Cck
31500000189553,oligodendrocyte_1
31500000111841,MV_in_Sema5b
31500000106756,meninges_1
31500000189263,peripheral_glia
31500000139430,oligodendrocyte_progenitor_2
31500000183201,endothelial
31500000174804,oligodendrocyte_progenitor_2
31500000157410,DH_ex_Prkcg/Nts
31500000120700,MV_in_Gabra1
31500000109119,oligodendrocyte_precursor_cell
31500000114169,oligodendrocyte_progenitor_2
31500000145309,endothelial
31500000175002,microglia
31500000172143,alpha_motoneuron
31500000193198,oligodendrocyte_progenitor_2
31500000132968,oligodendrocyte_progenitor_2
31500000101843,DH_ex_Sox5/Tac1
31500000133399,microglia
31500000140806,alpha_motoneuron
31500000168748,oligodendrocyte_2
31500000132908,oligodendrocyte_progenitor_2
31500000156248,endothelial
31500000148416,MV_in_Gm26673
31500000136733,meninges_1
31500000168002,DM_ex_Zfhx3
31500000184691,alpha_motoneuron
31500000106693,MV_ex_Syt2
31500000141256,microglia
31500000199435,DH_ex_Reln/Nmur2
31500000141491,MV_ex_Syt2
31500000141160,astrocyte_2
31500000157476,DH_in_Cdh3
31500000110275,astrocyte_1
31500000101904,DH_ex_Prkcg/Nts
31500000169840,astrocyte_2
31500000144017,endothelial
31500000132593,DH_in_Cdh3
31500000176749,DH_in_Cdh3
31500000124332,astrocyte_1
31500000172229,oligodendrocyte_progenitor_2
31500000147684,astrocyte_2
31500000170045,oligodendrocyte_1
31500000144874,DH_ex_Reln
31500000185490,M_ex_Vsx2
31500000197847,astrocyte_2
31500000137080,alpha_motoneuron
31500000147179,meninges_3
31500000180913,astrocyte_1
31500000190881,astrocyte_1
31500000131219,Schwann_cell
31500000140233,MV_in_Gm26673
31500000131761,M_ex_Neurod2
31500000184786,astrocyte_1
31500000166927,astrocyte_1
31500000199039,oligodendrocyte_2
31500000120475,DH_in_Cdh3
31500000142591,meninges_1
31500000139458,astrocyte_2
31500000193304,oligodendrocyte_progenitor_2
31500000119499,oligodendrocyte_2
31500000166462,astrocyte_1
31500000144561,DH_in_Pdyn
31500000188549,oligodendrocyte_precursor_cell
31500000122700,astrocyte_1
31500000130400,endothelial
31500000169627,meninges_1
31500000122287,DH_ex_Prkcg/Nts
31500000155026,astrocyte_1
31500000114658,oligodendrocyte_1
31500000179642,MV_in_Sema5b
31500000166948,oligodendrocyte_progenitor_2
31500000116327,alpha_motoneuron
31500000179811,DH_ex_Reln
31500000170736,MV_in_Esrrb
31500000178822,DH_in_Pdyn/Gal
31500000103663,oligodendrocyte_1
31500000127590,DH_ex_Prkcg/Cck
31500000122516,DH_ex_Maf/Cck
31500000104972,meninges_1
31500000192472,oligodendrocyte_1
31500000191182,oligodendrocyte_progenitor_2
31500000193685,astrocyte_1
31500000118835,M_ex_Vsx2
31500000173349,oligodendrocyte_progenitor_2
31500000120687,astrocyte_1
31500000180135,alpha_motoneuron
31500000156307,DH_in_Klhl14
31500000140465,MV_ex_Syt2
31500000199577,MV_ex_Shox2
31500000114509,astrocyte_1
31500000195213,oligodendrocyte_2
31500000108598,peripheral_glia
31500000195869,astrocyte_1
31500000111692,endothelial
31500000143207,oligodendrocyte_2
31500000152628,beta_motoneuron
31500000198217,oligodendrocyte_progenitor_2
31500000121579,MV_in_Esrrb
31500000115782,oligodendrocyte_progenitor_2
31500000104993,astrocyte_2
31500000171776,MV_in_Chrna2
31500000124440,oligodendrocyte_2
31500000161745,DH_ex_Prkcg/Cck
31500000175695,astrocyte_1
31500000126356,microglia
31500000100268,oligodendrocyte_progenitor_2
31500000164233,oligodendrocyte_1
31500000133004,astrocyte_1
31500000183588,DH_ex_Maf/Cck
31500000173332,DM_ex_Zfhx3
31500000136198,meninges_1
31500000134626,ependymal
31500000180540,oligodendrocyte_2
31500000143624,DH_ex_Prkcg/Rxfp1
31500000152026,oligodendrocyte_2
31500000181706,alpha_motoneuron
31500000120955,oligodendrocyte_2
31500000129507,oligodendrocyte_progenitor_2
31500000127901,DH_ex_Maf/Cck
31500000156481,meninges_1
31500000145913,oligodendrocyte_2
31500000178514,DH_ex_Reln/Nmur2
31500000105727,MV_in_Sema5b
31500000199376,MV_in_Sema5b
31500000196486,astrocyte_1
31500000136761,MV_in_Gabra1
31500000196539,DH_ex_Reln/Npff
31500000125379,DH_ex_Grpr
31500000180495,DH_ex_Prkcg/Cck
31500000192519,DH_ex_Prkcg/Nts
31500000100782,astrocyte_1
31500000173587,oligodendrocyte_precursor_cell
31500000118843,astrocyte_1
31500000153236,astrocyte_1
31500000160792,oligodendrocyte_progenitor_2
31500000119956,MV_ex_Syt2
31500000190918,DH_ex_Reln/Npff
31500000166125,oligodendrocyte_2
31500000121149,alpha_motoneuron
31500000139851,astrocyte_1
31500000144574,oligodendrocyte_2
31500000111554,astrocyte_1
31500000162387,DH_in_Npy
31500000102115,astrocyte_1
31500000180836,oligodendrocyte_progenitor_2
31500000115932,oligodendrocyte_2
31500000112496,Schwann_cell
31500000138579,alpha_motoneuron
31500000106310,meninges_3
31500000118794,DH_ex_Reln/Nmur2
31500000129485,oligodendrocyte_progenitor_1
31500000103538,M_ex_Vsx2/Shox2
31500000156044,meninges_1
31500000104355,meninges_2
31500000131248,DH_in_Cdh3
31500000140678,oligodendrocyte_progenitor_2
31500000128450,MV_in_Sema5b
31500000119390,oligodendrocyte_2
31500000126978,oligodendrocyte_progenitor_2
31500000107864,oligodendrocyte_1
31500000116351,DH_ex_Prkcg/Rxfp1
31500000195494,microglia
31500000119906,astrocyte_2
31500000132847,endothelial
31500000107739,DH_ex_Nmu/Tac2
31500000165305,oligodendrocyte_progenitor_2
31500000165795,endothelial
31500000192821,oligodendrocyte_progenitor_2
31500000189671,DH_ex_Reln/Nmur2
31500000160882,oligodendrocyte_progenitor_2
31500000141159,DH_in_Pdyn
31500000160943,oligodendrocyte_1
31500000134481,oligodendrocyte_progenitor_2
31500000163677,DM_ex_Zfhx3
31500000184435,astrocyte_1
31500000126758,MV_in_Gabra1
31500000156391,meninges_1
31500000189198,astrocyte_1
31500000191098,endothelial
31500000196041,MV_ex_Syt2
31500000161823,gamma_motoneuron
31500000105537,oligodendrocyte_2
31500000106357,M_in_Tfap2b
31500000161332,DH_ex_Reln/Nmur2
31500000177324,oligodendrocyte_2
31500000108070,MV_ex_Syt2
31500000173302,astrocyte_2
31500000153578,DH_ex_Gpr83
31500000101050,oligodendrocyte_2
31500000171596,endothelial
31500000151017,oligodendrocyte_progenitor_2
31500000162957,M_in_Tfap2b
31500000115047,alpha_motoneuron
31500000142672,MV_in_Sema5b
31500000108960,MV_in_Esrrb
31500000118064,alpha_motoneuron
31500000148514,MV_in_Gabra1
31500000196668,alpha_motoneuron
31500000187293,astrocyte_1
31500000182274,oligodendrocyte_progenitor_1
31500000182798,oligodendrocyte_1
31500000139764,astrocyte_1
31500000109653,DH_ex_Reln/Nmur2
31500000110473,oligodendrocyte_2
31500000124705,oligodendrocyte_precursor_cell
31500000125417,oligodendrocyte_progenitor_2
31500000117901,DH_ex_Nmu/Tac2
31500000197862,oligodendrocyte_progenitor_2
31500000133178,DH_in_Npy2r
31500000198984,DH_in_Cdh3
31500000121615,oligodendrocyte_progenitor_2
31500000150088,oligodendrocyte_progenitor_2
31500000168853,oligodendrocyte_progenitor_2
31500000193507,oligodendrocyte_2
31500000124681,astrocyte_2
31500000168843,DH_in_Npy
31500000195114,meninges_2
31500000149778,DH_ex_Grp
31500000152405,oligodendrocyte_progenitor_2
31500000120285,DM_ex_Zfhx3
31500000143552,oligodendrocyte_precursor_cell
31500000167221,endothelial
31500000134266,endothelial
31500000126572,meninges_2
31500000178550,DH_ex_Maf/Cck
31500000107425,DH_in_Cdh3
31500000112400,astrocyte_1
31500000121311,oligodendrocyte_progenitor_2
31500000157190,DH_ex_Sox5/Tac1
31500000144124,oligodendrocyte_progenitor_2
31500000110552,oligodendrocyte_progenitor_2
31500000139610,DH_ex_Prkcg/Rxfp1
31500000198499,DH_ex_Grp
31500000179320,oligodendrocyte_2
31500000173932,astrocyte_2
31500000115075,MV_ex_Syt2
31500000178431,oligodendrocyte_progenitor_2
31500000159374,Schwann_cell
31500000181649,astrocyte_1
31500000190188,oligodendrocyte_1
31500000157620,DH_ex_Prkcg/Cck
31500000188516,oligodendrocyte_progenitor_2
31500000119415,DH_in_Pdyn/Gal
31500000147693,astrocyte_1
31500000114878,oligodendrocyte_progenitor_1
31500000156021,astrocyte_1
31500000190380,oligodendrocyte_progenitor_2
31500000112914,DH_in_Npy
31500000160588,DH_in_Pdyn/Gal
31500000126884,DH_ex_Tac2
31500000116373,alpha_motoneuron
31500000167152,oligodendrocyte_2
31500000132937,oligodendrocyte_progenitor_2
31500000122497,oligodendrocyte_1
31500000113388,oligodendrocyte_1
31500000109203,alpha_motoneuron
31500000156890,astrocyte_2
31500000124483,DH_ex_Prkcg/Cck
31500000195363,DH_ex_Reln/Nmur2
31500000138854,MV_ex_Syt2
31500000174215,MV_in_Gabra1
31500000133695,astrocyte_1
31500000187823,DM_ex_Zfhx3
31500000118298,DH_ex_Cpne4
31500000142345,MV_in_Gabra1
31500000170131,oligodendrocyte_precursor_cell
31500000128153,MV_in_Gm26673
31500000107214,oligodendrocyte_progenitor_2
31500000199887,oligodendrocyte_2
31500000190563,oligodendrocyte_2
31500000148521,oligodendrocyte_progenitor_2
31500000150301,DH_in_Npy2r
31500000156944,astrocyte_1
31500000102110,astrocyte_1
31500000182037,MV_in_Gabra1
31500000188722,oligodendrocyte_2
31500000174732,DH_in_Npy2r
31500000135094,astrocyte_1
31500000142814,DH_ex_Reln/Nmur2
31500000117965,oligodendrocyte_progenitor_2
31500000101238,DM_ex_Zfhx3
31500000159467,MV_ex_Syt2
31500000133873,DM_ex_Zfhx3
31500000137385,gamma_motoneuron
31500000144737,oligodendrocyte_2
31500000189561,astrocyte_2
31500000194210,MV_in_Sema5b
31500000182747,astrocyte_1
31500000107325,astrocyte_2
31500000124894,DH_ex_Sox5
31500000126875,oligodendrocyte_progenitor_2
31500000136379,astrocyte_1
31500000122097,DH_in_Cdh3
31500000133183,MV_ex_Syt2
31500000136540,endothelial
31500000107597,oligodendrocyte_1
31500000137489,DH_in_Rorb
31500000158817,astrocyte_1
31500000113326,DH_ex_Reln/Nmur2
31500000158876,MV_ex_Shox2
31500000126496,oligodendrocyte_precursor_cell
31500000101528,DH_in_Rorb
31500000154147,ependymal
31500000127198,astrocyte_1
31500000147747,oligodendrocyte_progenitor_2
31500000175061,oligodendrocyte_progenitor_2
31500000195311,M_ex_Vsx2
31500000118561,astrocyte_1
31500000170588,M_in_Tfap2b
31500000175965,DH_in_Pdyn/Gal
31500000179977,oligodendrocyte_2
31500000193652,oligodendrocyte_progenitor_2
31500000149385,oligodendrocyte_1
31500000127853,meninges_1
31500000175197,pericyte
31500000190659,astrocyte_1
31500000187450,DH_in_Npy
31500000197537,MV_ex_Syt2
31500000134204,oligodendrocyte_1
31500000122419,oligodendrocyte_1
31500000143488,oligodendrocyte_1
31500000194515,DH_ex_Prkcg/Nts
31500000115265,astrocyte_1
31500000197156,astrocyte_1
31500000141400,oligodendrocyte_progenitor_2
31500000119931,oligodendrocyte_2
31500000133061,oligodendrocyte_1
31500000186597,astrocyte_2
31500000161961,MV_ex_Shox2
31500000126113,astrocyte_1
31500000178280,oligodendrocyte_1
31500000137195,MV_ex_Syt2
31500000183280,endothelial
31500000168341,astrocyte_2
31500000153350,oligodendrocyte_1
31500000145565,astrocyte_1
31500000190063,MV_ex_Syt2
31500000118584,MV_ex_Syt2
31500000164850,astrocyte_1
31500000150169,meninges_2
31500000194994,oligodendrocyte_2
31500000170578,oligodendrocyte_precursor_cell
31500000116964,MV_in_Gabra1
31500000154280,astrocyte_1
31500000171580,DH_ex_Sox5/Tac1
31500000109840,oligodendrocyte_progenitor_2
31500000119350,endothelial
31500000100173,astrocyte_1
31500000111678,oligodendrocyte_progenitor_2
31500000154418,astrocyte_1
31500000166555,oligodendrocyte_progenitor_2
31500000122293,astrocyte_1
31500000154521,oligodendrocyte_progenitor_2
31500000117282,astrocyte_1
31500000159887,oligodendrocyte_2
31500000135636,oligodendrocyte_progenitor_2
31500000144649,oligodendrocyte_1
31500000117844,oligodendrocyte_progenitor_1
31500000134777,astrocyte_1
31500000159381,astrocyte_2
31500000154881,DH_in_Cdh3
31500000187977,MV_in_Sema5b
31500000199443,DH_in_Cdh3
31500000142317,MV_in_Gabra1
31500000199590,DH_ex_Gpr83
31500000143569,oligodendrocyte_2
31500000190860,oligodendrocyte_progenitor_2
31500000114370,meninges_1
31500000104107,MV_ex_Syt2
31500000188532,MV_ex_Shox2
31500000170266,oligodendrocyte_progenitor_2
31500000114565,DH_in_Cdh3
31500000178301,DH_ex_Reln/Nmur2
31500000181885,oligodendrocyte_1
31500000187176,MV_in_Sema5b
31500000123381,DH_ex_Reln/Nmur2
31500000197139,oligodendrocyte_progenitor_2
31500000162814,astrocyte_1
31500000135378,MV_ex_Syt2
31500000123863,MV_in_Gabra1
31500000161947,oligodendrocyte_1
31500000142111,oligodendrocyte_precursor_cell
31500000155046,astrocyte_2
31500000100475,DH_ex_Nmu/Tac2
31500000162220,oligodendrocyte_precursor_cell
31500000195152,astrocyte_1
31500000149192,alpha_motoneuron
31500000189936,meninges_2
31500000119996,DH_ex_Reln/Nmur2
31500000120053,DH_ex_Prkcg/Nts
31500000190893,oligodendrocyte_progenitor_2
31500000158463,microglia
31500000119494,DM_ex_Zfhx3
31500000176427,alpha_motoneuron
31500000148051,astrocyte_1
31500000134840,cholinergic_interneuron
31500000197629,astrocyte_1
31500000126941,alpha_motoneuron
31500000144897,oligodendrocyte_precursor_cell
31500000114479,meninges_1
31500000123561,alpha_motoneuron
31500000167838,oligodendrocyte_2
31500000123642,astrocyte_1
31500000134060,oligodendrocyte_precursor_cell
31500000126826,astrocyte_1
31500000156145,oligodendrocyte_progenitor_2
31500000159616,DH_ex_Prkcg/Nts
31500000187041,oligodendrocyte_progenitor_2
31500000129952,DH_ex_Reln/Nmur2
31500000195005,DH_ex_Prkcg/Rxfp1
31500000198975,DH_ex_Tac2
31500000108832,DH_ex_Maf/Cck
31500000191658,MV_in_Gabra1
31500000106494,DH_in_Pdyn
31500000196531,MV_in_Gm26673
31500000165724,oligodendrocyte_progenitor_2
31500000128178,oligodendrocyte_progenitor_2
31500000110585,endothelial
31500000176212,MV_in_Esrrb
31500000174584,astrocyte_1
31500000124892,oligodendrocyte_2
31500000193645,oligodendrocyte_progenitor_2
31500000143147,oligodendrocyte_2
31500000164202,oligodendrocyte_precursor_cell
31500000184252,astrocyte_1
31500000195954,oligodendrocyte_progenitor_2
31500000198652,MV_in_Sema5b
31500000147444,oligodendrocyte_1
31500000139294,oligodendrocyte_progenitor_2
31500000126512,DH_in_Cdh3
31500000197083,oligodendrocyte_2
31500000108989,meninges_1
31500000171883,DH_in_Cdh3
31500000199189,oligodendrocyte_2
31500000197198,meninges_1
31500000144887,oligodendrocyte_2
31500000184122,DM_ex_Zfhx3
31500000154383,DH_in_Cdh3
31500000170148,astrocyte_2
31500000104372,Schwann_cell
31500000179325,oligodendrocyte_precursor_cell
31500000160468,astrocyte_2
31500000154902,DH_ex_Nmu/Tac2
31500000122543,DH_in_Cdh3
31500000171598,DH_ex_Reln/Nmur2
31500000125121,oligodendrocyte_precursor_cell
31500000181401,oligodendrocyte_1
31500000169177,oligodendrocyte_2
31500000124496,endothelial
31500000155790,astrocyte_1
31500000139952,astrocyte_1
31500000189235,oligodendrocyte_progenitor_2
31500000157242,astrocyte_2
31500000113167,oligodendrocyte_progenitor_2
31500000185090,oligodendrocyte_progenitor_2
31500000100374,Schwann_cell
31500000133161,MV_in_Gm26673
31500000105551,astrocyte_1
31500000126478,oligodendrocyte_progenitor_2
31500000199137,oligodendrocyte_progenitor_2
31500000142122,DH_in_Cdh3
31500000176884,endothelial
31500000168828,MV_ex_Syt2
31500000147573,M_ex_Vsx2/Shox2
31500000187690,astrocyte_1
31500000107838,astrocyte_1
31500000173450,oligodendrocyte_progenitor_2
31500000174635,DH_ex_Maf/Cck
31500000137104,oligodendrocyte_precursor_cell
31500000191352,astrocyte_1
31500000158891,oligodendrocyte_2
31500000196562,DH_ex_Sox5
31500000186168,oligodendrocyte_progenitor_2
31500000177284,DH_ex_Reln/Nmur2
31500000161085,oligodendrocyte_1
31500000128913,oligodendrocyte_progenitor_2
31500000117648,DH_ex_Sox5
31500000181747,M_in_Tfap2b
31500000126831,endothelial
31500000142394,astrocyte_2
31500000196829,DM_ex_Zfhx3
31500000132923,oligodendrocyte_1
31500000119425,astrocyte_1
31500000155724,DH_ex_Nmu/Tac2
31500000183736,astrocyte_2
31500000130413,oligodendrocyte_progenitor_2
31500000109106,DM_ex_Zfhx3
31500000195141,MV_in_Gabra1
31500000145172,astrocyte_2
31500000121525,cholinergic_interneuron
31500000122979,oligodendrocyte_2
31500000134050,astrocyte_1
31500000174469,Schwann_cell
31500000198138,oligodendrocyte_progenitor_2
31500000126803,oligodendrocyte_progenitor_2
31500000120540,oligodendrocyte_progenitor_2
31500000171127,MV_in_Gm26673
31500000145087,MV_ex_Syt2
31500000140700,astrocyte_1
31500000157715,DM_ex_Zfhx3
31500000124831,oligodendrocyte_progenitor_2
31500000171748,oligodendrocyte_1
31500000191126,DH_in_Npy2r
31500000193036,oligodendrocyte_2
31500000166560,astrocyte_2
31500000155645,MV_ex_Syt2
31500000121851,DH_ex_Reln/Nmur2
31500000138945,astrocyte_1
31500000122885,astrocyte_1
31500000125827,DH_in_Cdh3
31500000100084,oligodendrocyte_progenitor_2
31500000183212,astrocyte_1
31500000174292,MV_ex_Syt2
31500000111161,DH_ex_Sox5
31500000124458,oligodendrocyte_progenitor_2
31500000129522,DH_ex_Sox5
31500000183799,astrocyte_2
31500000173294,DH_in_Kcnip2
31500000158353,MV_in_Esrrb
31500000136230,DH_in_Cdh3
31500000139734,oligodendrocyte_2
31500000137101,DH_ex_Tac2
31500000113440,oligodendrocyte_2
31500000138654,astrocyte_1
31500000156319,DH_in_Cdh3
31500000132892,oligodendrocyte_progenitor_2
31500000191661,meninges_1
31500000197506,MV_in_Sema5b
31500000145213,astrocyte_1
31500000119519,visceral_motoneuron
31500000157902,astrocyte_1
31500000184485,oligodendrocyte_1
31500000183176,oligodendrocyte_progenitor_2
31500000102285,astrocyte_1
31500000165098,oligodendrocyte_1
31500000138048,oligodendrocyte_1
31500000172243,endothelial
31500000117270,oligodendrocyte_2
31500000155547,MV_in_Esrrb
31500000125781,oligodendrocyte_progenitor_2
31500000128774,astrocyte_1
31500000111531,oligodendrocyte_2
31500000150221,astrocyte_2
31500000192513,DH_in_Pdyn
31500000183475,oligodendrocyte_1
31500000105816,alpha_motoneuron
31500000159358,DH_ex_Reln/Nmur2
31500000174055,endothelial
31500000154529,alpha_motoneuron
31500000182568,DH_in_Cdh3
31500000143450,endothelial
31500000177439,DH_ex_Prkcg/Cck
31500000151015,endothelial
31500000101898,endothelial
31500000168766,MV_ex_Shox2
31500000154161,endothelial
31500000169069,microglia
31500000110841,endothelial
31500000153233,MV_in_Gm26673
31500000147682,oligodendrocyte_2
31500000185502,MV_ex_Syt2
31500000137373,astrocyte_1
31500000186794,endothelial
31500000132136,astrocyte_1
31500000164938,Schwann_cell
31500000125490,oligodendrocyte_precursor_cell
31500000105738,gamma_motoneuron
31500000180201,oligodendrocyte_progenitor_2
31500000181413,MV_ex_Syt2
31500000120205,oligodendrocyte_progenitor_2
31500000161094,oligodendrocyte_progenitor_1
31500000131888,DH_ex_Nmu/Tac2
31500000107404,oligodendrocyte_progenitor_2
31500000107997,DM_ex_Zfhx3
31500000165180,astrocyte_1
31500000166433,oligodendrocyte_2
31500000108876,oligodendrocyte_progenitor_2
31500000154019,DH_in_Npy2r
31500000162515,DH_ex_Reln/Nmur2
31500000105910,oligodendrocyte_progenitor_2
31500000185609,oligodendrocyte_1
31500000100789,MV_in_Gm26673
31500000174568,oligodendrocyte_2
31500000133773,endothelial
31500000146398,DM_ex_Zfhx3
31500000173040,astrocyte_1
31500000142681,MV_in_Gabra1
31500000155566,DH_ex_Tac2
31500000165110,astrocyte_1
31500000149600,DH_in_Rorb
31500000135205,DH_in_Pdyn
31500000182520,DH_in_Pdyn
31500000144838,MV_ex_Syt2
31500000158442,endothelial
31500000141435,oligodendrocyte_progenitor_2
31500000110921,oligodendrocyte_progenitor_2
31500000144443,MV_ex_Syt2
31500000155064,DH_ex_Prkcg/Rxfp1
31500000165304,DH_ex_Reln/Nmur2
31500000157845,DH_in_Pdyn
31500000124523,DH_in_Npy2r
31500000176532,MV_in_Gabra1
31500000187306,endothelial
31500000188941,astrocyte_1
31500000171356,DH_in_Pdyn
31500000153343,oligodendrocyte_progenitor_2
31500000127377,oligodendrocyte_progenitor_2
31500000132037,astrocyte_1
31500000142514,pericyte
31500000118613,astrocyte_1
31500000107511,MV_in_Sema5b
31500000149657,DH_in_Rorb
31500000136378,astrocyte_1
31500000188128,MV_in_Gm26673
31500000110288,DH_in_Pdyn
31500000109005,DM_ex_Zfhx3
31500000113003,DH_ex_Sox5
31500000166778,DH_ex_Gpr83
31500000111737,astrocyte_1
31500000111098,oligodendrocyte_progenitor_2
31500000197185,endothelial
31500000157572,oligodendrocyte_2
31500000148566,visceral_motoneuron
31500000153909,oligodendrocyte_progenitor_2
31500000111441,oligodendrocyte_progenitor_2
31500000159218,ependymal
31500000197183,astrocyte_1
31500000164252,DH_ex_Prkcg/Cck
31500000186526,oligodendrocyte_progenitor_2
31500000172069,oligodendrocyte_progenitor_2
31500000197064,oligodendrocyte_2
31500000173751,MV_in_Gabra1
31500000197348,alpha_motoneuron
31500000166654,oligodendrocyte_progenitor_2
31500000195349,astrocyte_2
31500000163488,oligodendrocyte_progenitor_2
31500000179400,endothelial
31500000149208,DM_ex_Zfhx3
31500000139559,oligodendrocyte_2
31500000105850,astrocyte_1
31500000110064,oligodendrocyte_2
31500000182909,astrocyte_2
31500000183271,DH_ex_Prkcg/Cck
31500000181941,oligodendrocyte_precursor_cell
31500000146026,oligodendrocyte_progenitor_2
31500000129123,DH_ex_Tac2
31500000132889,MV_in_Gabra1
31500000116880,oligodendrocyte_progenitor_2
31500000129054,oligodendrocyte_progenitor_2
31500000120145,astrocyte_2
31500000107411,MV_in_Esrrb
31500000124811,MV_in_Esrrb
31500000188966,DH_ex_Prkcg/Nts
31500000144069,MV_ex_Shox2
31500000118202,oligodendrocyte_2
31500000135629,oligodendrocyte_progenitor_2
31500000148211,oligodendrocyte_progenitor_2
31500000175263,astrocyte_1
31500000117772,MV_in_Sema5b
31500000123312,microglia
31500000150480,DH_ex_Sox5/Tac1
31500000111078,DH_ex_Maf/Cck
31500000138198,DH_in_Npy
31500000159293,MV_in_Gabra1
31500000131179,astrocyte_1
31500000180130,MV_in_Sema5b
31500000176782,oligodendrocyte_progenitor_2
31500000149194,astrocyte_2
31500000171758,DM_ex_Zfhx3
31500000176962,oligodendrocyte_progenitor_2
31500000142639,DH_ex_Reln/Nmur2
31500000131103,DH_in_Npy
31500000170506,oligodendrocyte_2
31500000132644,alpha_motoneuron
31500000177820,oligodendrocyte_2
31500000168195,DH_in_Cdh3
31500000172991,meninges_1
31500000187905,oligodendrocyte_2
31500000161498,oligodendrocyte_progenitor_2
31500000148608,astrocyte_1
31500000172855,M_ex_Vsx2
31500000101608,DM_ex_Zfhx3
31500000187431,oligodendrocyte_progenitor_2
31500000176571,oligodendrocyte_progenitor_2
31500000167776,oligodendrocyte_progenitor_2
31500000143662,DH_ex_Prkcg/Nts
31500000192615,DM_ex_Zfhx3
31500000132392,DH_ex_Prkcg/Rxfp1
31500000169241,oligodendrocyte_progenitor_2
31500000169331,oligodendrocyte_progenitor_2
31500000183552,MV_ex_Shox2
31500000150556,astrocyte_1
31500000146432,oligodendrocyte_2
31500000168573,oligodendrocyte_progenitor_2
31500000128633,oligodendrocyte_2
31500000139994,astrocyte_1
31500000112944,oligodendrocyte_progenitor_2
31500000117218,endothelial
31500000167536,astrocyte_1
31500000122670,oligodendrocyte_2
31500000103487,oligodendrocyte_progenitor_2
31500000116445,MV_ex_Syt2
31500000157305,DH_in_Cdh3
31500000128585,astrocyte_1
31500000133824,DH_in_Cdh3
31500000108182,oligodendrocyte_2
31500000167413,astrocyte_2
31500000165231,DM_ex_Zfhx3
31500000100881,DH_in_Cdh3
31500000112206,oligodendrocyte_1
31500000167271,DH_ex_Prkcg/Nts
31500000145196,DM_ex_Zfhx3
31500000141722,oligodendrocyte_progenitor_2
31500000128534,astrocyte_1
31500000189353,astrocyte_1
31500000108462,MV_in_Gm26673
31500000133481,MV_ex_Syt2
31500000166798,alpha_motoneuron
31500000180965,oligodendrocyte_progenitor_2
31500000135816,astrocyte_1
31500000168498,microglia
31500000166793,peripheral_glia
31500000190627,M_ex_Neurod2
31500000178176,DH_ex_Maf/Cck
31500000128980,oligodendrocyte_progenitor_2
31500000190504,DH_ex_Sox5
31500000119770,oligodendrocyte_progenitor_2
31500000147004,MV_ex_Syt2
31500000179471,oligodendrocyte_progenitor_2
31500000126039,oligodendrocyte_progenitor_2
31500000115896,DH_in_Pdyn/Gal
31500000158879,oligodendrocyte_precursor_cell
31500000187728,MV_in_Chrna2
31500000114774,M_in_Tfap2b
31500000152690,oligodendrocyte_progenitor_2
31500000174812,oligodendrocyte_progenitor_2
31500000112785,oligodendrocyte_2
31500000101446,endothelial
31500000139002,oligodendrocyte_progenitor_2
31500000188369,astrocyte_2
31500000189187,oligodendrocyte_2
31500000128944,oligodendrocyte_progenitor_2
31500000175843,oligodendrocyte_progenitor_2
31500000124850,oligodendrocyte_progenitor_2
31500000136271,DH_in_Cdh3
31500000167545,MV_in_Sema5b
31500000162872,oligodendrocyte_progenitor_2
31500000181956,oligodendrocyte_2
31500000140003,oligodendrocyte_progenitor_2
31500000102206,ependymal
31500000193214,oligodendrocyte_progenitor_2
31500000187154,astrocyte_2
31500000179728,endothelial
31500000168654,endothelial
31500000150778,oligodendrocyte_progenitor_2
31500000111829,oligodendrocyte_1
31500000193327,oligodendrocyte_2
31500000170776,endothelial
31500000196639,astrocyte_1
31500000147480,MV_in_Esrrb
31500000152546,oligodendrocyte_progenitor_2
31500000118172,oligodendrocyte_2
31500000157124,pericyte
31500000126042,oligodendrocyte_progenitor_2
31500000169208,astrocyte_1
31500000158368,oligodendrocyte_2
31500000124941,MV_in_Esrrb
31500000173422,oligodendrocyte_progenitor_2
31500000168979,oligodendrocyte_1
31500000122816,astrocyte_1
31500000159263,DH_ex_Reln/Nmur2
31500000194801,astrocyte_2
31500000104927,oligodendrocyte_1
31500000141191,oligodendrocyte_progenitor_2
31500000118152,ependymal
31500000187201,oligodendrocyte_2
31500000127591,M_ex_Vsx2
31500000165367,alpha_motoneuron
31500000108475,oligodendrocyte_1
31500000116707,M_in_Tfap2b
31500000194442,M_ex_Vsx2
31500000186895,astrocyte_1
31500000183110,oligodendrocyte_progenitor_2
31500000125087,endothelial
31500000193095,M_in_Tfap2b
31500000164481,oligodendrocyte_progenitor_2
31500000172240,DH_ex_Prkcg/Rxfp1
31500000155237,oligodendrocyte_progenitor_2
31500000143269,endothelial
31500000101324,alpha_motoneuron
31500000146620,oligodendrocyte_2
31500000152536,DH_ex_Tac2
31500000145487,MV_in_Gabra1
31500000136590,astrocyte_1
31500000167983,DH_ex_Prkcg/Cck
31500000144665,astrocyte_1
31500000193324,oligodendrocyte_2
31500000161910,astrocyte_1
31500000138424,astrocyte_1
31500000107509,oligodendrocyte_2
31500000158503,oligodendrocyte_2
31500000118388,astrocyte_2
31500000169619,astrocyte_1
31500000165034,oligodendrocyte_2
31500000192450,M_in_Tfap2b
31500000175908,astrocyte_1
31500000148820,MV_in_Sema5b
31500000149929,oligodendrocyte_progenitor_2
31500000101247,oligodendrocyte_progenitor_2
31500000183932,astrocyte_1
31500000164027,peripheral_glia
31500000197897,peripheral_glia
31500000117184,endothelial
31500000104534,astrocyte_1
31500000177075,astrocyte_1
31500000109584,DH_in_Npy
31500000111055,endothelial
31500000145583,DM_ex_Zfhx3
31500000120894,endothelial
31500000127604,DH_ex_Grpr
31500000149866,cholinergic_interneuron
31500000121960,MV_in_Gm26673
31500000102521,astrocyte_1
31500000196058,astrocyte_1
31500000107408,oligodendrocyte_progenitor_2
31500000186490,oligodendrocyte_1
31500000105256,astrocyte_1
31500000159160,DM_ex_Zfhx3
31500000110176,endothelial
31500000171175,oligodendrocyte_1
31500000158580,MV_in_Gabra1
31500000105376,astrocyte_1
31500000149134,astrocyte_1
31500000156314,astrocyte_1
31500000149891,oligodendrocyte_1
31500000101702,astrocyte_2
31500000105666,oligodendrocyte_progenitor_2
31500000134483,oligodendrocyte_2
31500000106414,DH_ex_Reln/Npff
31500000198534,astrocyte_1
31500000167343,astrocyte_1
31500000103715,astrocyte_2
31500000100816,astrocyte_2
31500000161867,M_ex_Neurod2
31500000166544,astrocyte_1
31500000171047,oligodendrocyte_progenitor_2
31500000147670,DH_in_Npy
31500000180417,MV_in_Sema5b
31500000193916,oligodendrocyte_progenitor_2
31500000194531,oligodendrocyte_2
31500000170272,alpha_motoneuron
31500000179430,DM_ex_Zfhx3
31500000160044,oligodendrocyte_1
31500000176635,oligodendrocyte_2
31500000131718,oligodendrocyte_2
31500000127937,DH_in_Cdh3
31500000163492,oligodendrocyte_2
31500000172813,oligodendrocyte_2
31500000117040,astrocyte_1
31500000192489,astrocyte_1
31500000128269,oligodendrocyte_progenitor_2
31500000105972,oligodendrocyte_2
31500000176763,oligodendrocyte_2
31500000119854,DH_ex_Grpr
31500000171208,oligodendrocyte_progenitor_2
31500000194797,oligodendrocyte_1
31500000101129,oligodendrocyte_2
31500000113043,oligodendrocyte_2
31500000185615,astrocyte_1
31500000101435,astrocyte_2
31500000121506,DM_ex_Zfhx3
31500000161810,MV_ex_Syt2
31500000148908,DH_in_Pdyn/Gal
31500000119579,MV_in_Gabra1
31500000104840,astrocyte_1
31500000147825,oligodendrocyte_precursor_cell
31500000193388,M_ex_Vsx2
31500000124713,oligodendrocyte_progenitor_2
31500000195002,MV_in_Esrrb
31500000118816,astrocyte_1
31500000181163,MV_in_Gabra1
31500000173112,oligodendrocyte_2
31500000118366,oligodendrocyte_progenitor_2
31500000112107,MV_in_Sema5b
31500000193577,oligodendrocyte_1
31500000149260,DH_ex_Sox5
31500000114123,oligodendrocyte_precursor_cell
31500000138956,astrocyte_1
31500000120582,Schwann_cell
31500000108579,DH_ex_Prkcg/Cck
31500000122384,astrocyte_1
31500000133747,meninges_1
31500000119606,oligodendrocyte_progenitor_2
31500000109728,beta_motoneuron
31500000166465,oligodendrocyte_2
31500000109296,oligodendrocyte_progenitor_1
31500000100310,DH_ex_Sox5
31500000196576,DM_ex_Zfhx3
31500000152249,DH_ex_Cpne4
31500000119719,MV_in_Sema5b
31500000107419,oligodendrocyte_1
31500000147147,astrocyte_1
31500000114784,astrocyte_1
31500000156236,astrocyte_2
31500000192852,DH_ex_Sox5
31500000154329,oligodendrocyte_2
31500000184411,oligodendrocyte_progenitor_2
31500000171080,DH_ex_Grpr
31500000100908,oligodendrocyte_precursor_cell
31500000102835,DH_ex_Reln
31500000145576,astrocyte_1
31500000158798,oligodendrocyte_2
31500000157734,DH_ex_Maf/Cck
31500000148460,astrocyte_1
31500000114267,oligodendrocyte_progenitor_2
31500000135146,endothelial
31500000167279,oligodendrocyte_2
31500000111835,DH_ex_Gpr83
31500000141452,oligodendrocyte_progenitor_2
31500000139645,oligodendrocyte_2
31500000177954,DH_in_Cdh3
31500000118880,oligodendrocyte_2
31500000194351,microglia
31500000143981,DH_ex_Cpne4
31500000110600,DH_ex_Sox5
31500000102777,DH_in_Npy2r
31500000109292,oligodendrocyte_1
31500000119680,astrocyte_1
31500000157709,oligodendrocyte_progenitor_2
31500000108076,oligodendrocyte_progenitor_2
31500000197234,DH_ex_Maf/Cck
31500000159706,MV_in_Gabra1
31500000106089,endothelial
31500000149297,meninges_3
31500000183948,DH_in_Npy
31500000179070,oligodendrocyte_1
31500000135228,MV_in_Gm26673
31500000140035,oligodendrocyte_progenitor_2
31500000158476,MV_in_Chrna2
31500000165425,DH_ex_Nmu/Tac2
31500000174000,MV_in_Gabra1
31500000155810,DH_in_Cdh3
31500000159648,MV_in_Gabra1
31500000126008,oligodendrocyte_progenitor_2
31500000166223,DM_ex_Zfhx3
31500000134901,alpha_motoneuron
31500000167504,endothelial
31500000102680,MV_in_Gm26673
31500000119878,astrocyte_1
31500000138199,oligodendrocyte_2
31500000167212,oligodendrocyte_2
31500000167576,peripheral_glia
31500000140304,oligodendrocyte_progenitor_2
31500000160894,MV_in_Gm26673
31500000129920,MV_in_Sema5b
31500000192851,DH_ex_Prkcg/Nts
31500000159487,MV_in_Gabra1
31500000183733,astrocyte_1
31500000109855,DH_in_Npy
31500000123520,DH_in_Cdh3
31500000131064,astrocyte_1
31500000132477,oligodendrocyte_2
31500000164979,oligodendrocyte_progenitor_2
31500000186777,oligodendrocyte_2
31500000157381,astrocyte_1
31500000149803,MV_ex_Syt2
31500000119495,oligodendrocyte_progenitor_2
31500000156928,meninges_1
31500000180114,oligodendrocyte_progenitor_2
31500000100419,astrocyte_1
31500000152993,oligodendrocyte_progenitor_2
31500000147111,MV_ex_Shox2
31500000134142,alpha_motoneuron
31500000130486,DM_ex_Zfhx3
31500000120766,oligodendrocyte_1
31500000185851,oligodendrocyte_1
31500000198080,MV_in_Gm26673
31500000122101,DH_in_Pdyn
31500000164984,astrocyte_1
31500000168892,DH_in_Cdh3
31500000127550,endothelial
31500000133784,DH_in_Cdh3
31500000184729,DH_ex_Nmu/Tac2
31500000107064,astrocyte_1
31500000107470,astrocyte_1
31500000182163,DH_ex_Reln
31500000126636,M_ex_Vsx2/Shox2
31500000184901,endothelial
31500000144223,oligodendrocyte_2
31500000134905,oligodendrocyte_2
31500000171514,M_ex_Vsx2
31500000198036,DH_ex_Nmu/Tac2
31500000122920,endothelial
31500000145319,astrocyte_1
31500000150836,astrocyte_1
31500000137213,astrocyte_1
31500000174103,oligodendrocyte_2
31500000164953,M_ex_Vsx2/Shox2
31500000188249,MV_in_Esrrb
31500000119142,meninges_1
31500000181143,DH_ex_Nmu/Tac2
31500000127572,oligodendrocyte_progenitor_2
31500000101731,oligodendrocyte_progenitor_2
31500000153715,DH_in_Pdyn
31500000113303,oligodendrocyte_1
31500000101629,DH_ex_Sox5
31500000140221,microglia
31500000152352,oligodendrocyte_2
31500000142456,astrocyte_2
31500000164401,DH_in_Kcnip2
31500000167506,MV_ex_Syt2
31500000198364,M_in_Tfap2b
31500000170757,oligodendrocyte_2
31500000162335,DH_in_Cdh3
31500000183327,oligodendrocyte_progenitor_2
31500000129098,MV_in_Gm26673
31500000188412,MV_in_Sema5b
31500000132287,MV_in_Gabra1
31500000157821,alpha_motoneuron
31500000192616,oligodendrocyte_1
31500000183056,astrocyte_1
31500000137699,oligodendrocyte_2
31500000134509,astrocyte_1
31500000132714,DH_ex_Reln/Npff
31500000163498,MV_in_Gm26673
31500000197977,DH_in_Cdh3
31500000117959,endothelial
31500000138176,MV_in_Sema5b
31500000135035,MV_in_Gabra1
31500000159674,DH_ex_Gpr83
31500000117911,astrocyte_1
31500000162875,DH_ex_Nmu/Tac2
31500000192049,astrocyte_1
31500000139809,MV_in_Gm26673
31500000124246,DH_in_Pdyn/Gal
31500000131788,endothelial
31500000132134,alpha_motoneuron
31500000156672,astrocyte_1
31500000196793,endothelial
31500000135003,MV_ex_Syt2
31500000143599,M_in_Tfap2b
31500000199264,MV_ex_Shox2
31500000102922,DH_in_Npy
31500000125692,DH_ex_Tac2
31500000173236,meninges_2
31500000109753,DH_ex_Prkcg/Cck
31500000164160,alpha_motoneuron
31500000106832,oligodendrocyte_progenitor_2
31500000125411,MV_in_Gm26673
31500000168533,oligodendrocyte_progenitor_2
31500000110596,oligodendrocyte_2
31500000181903,astrocyte_1
31500000134799,DH_ex_Prkcg/Nts
31500000192919,oligodendrocyte_precursor_cell
31500000118309,DH_ex_Reln/Npff
31500000144782,endothelial
31500000134718,MV_in_Sema5b
31500000184764,oligodendrocyte_progenitor_2
31500000183050,endothelial
31500000124091,oligodendrocyte_precursor_cell
31500000185218,endothelial
31500000186009,oligodendrocyte_progenitor_2
31500000190239,astrocyte_1
31500000120563,oligodendrocyte_2
31500000113544,oligodendrocyte_progenitor_2
31500000155803,astrocyte_2
31500000138043,oligodendrocyte_2
31500000124251,alpha_motoneuron
31500000188656,oligodendrocyte_2
31500000184049,oligodendrocyte_progenitor_2
31500000143695,astrocyte_2
31500000185584,astrocyte_1
31500000108790,oligodendrocyte_progenitor_2
31500000122514,DH_ex_Sox5/Tac1
31500000114947,endothelial
31500000169053,endothelial
31500000148910,oligodendrocyte_1
31500000185195,astrocyte_2
31500000124670,DH_ex_Grpr
31500000108069,alpha_motoneuron
31500000148761,astrocyte_1
31500000102351,DH_in_Pdyn/Gal
31500000119269,DH_ex_Gpr83
31500000132176,DH_ex_Tac2
31500000127907,meninges_2
31500000150557,DM_ex_Zfhx3
31500000119861,DM_ex_Zfhx3
31500000104471,oligodendrocyte_2
31500000146219,endothelial
31500000175031,meninges_1
31500000194960,DH_in_Cdh3
31500000149041,astrocyte_1
31500000175063,astrocyte_2
31500000123429,oligodendrocyte_progenitor_2
31500000189646,MV_in_Gm26673
31500000109603,DM_ex_Zfhx3
31500000196748,DH_ex_Prkcg/Nts
31500000116497,DH_ex_Reln
31500000196006,DH_ex_Sox5/Tac1
31500000172354,oligodendrocyte_progenitor_2
31500000165461,oligodendrocyte_progenitor_2
31500000141826,DM_ex_Zfhx3
31500000168096,oligodendrocyte_progenitor_2
31500000161588,oligodendrocyte_progenitor_2
31500000141364,DH_ex_Prkcg/Nts
31500000145030,DH_in_Kcnip2
31500000171480,MV_in_Esrrb
31500000109990,endothelial
31500000153632,MV_in_Gabra1
31500000194491,oligodendrocyte_2
31500000144739,M_ex_Vsx2
31500000110297,oligodendrocyte_progenitor_2
31500000198898,oligodendrocyte_1
31500000144239,DM_ex_Zfhx3
31500000142421,MV_in_Esrrb
31500000107281,alpha_motoneuron
31500000148181,M_in_Tfap2b
31500000130221,astrocyte_2
31500000170816,DH_in_Cdh3
31500000115699,DH_ex_Sox5
31500000117767,visceral_motoneuron
31500000106064,oligodendrocyte_1
31500000171656,oligodendrocyte_1
31500000183880,oligodendrocyte_1
31500000127844,oligodendrocyte_progenitor_2
31500000154844,meninges_3
31500000121998,oligodendrocyte_2
31500000153882,DH_ex_Maf/Cck
31500000196322,meninges_1
31500000186112,astrocyte_1
31500000174372,MV_in_Sema5b
31500000168643,astrocyte_1
31500000125257,oligodendrocyte_1
31500000124435,oligodendrocyte_2
31500000119948,Schwann_cell
31500000143610,DH_ex_Grp
31500000122815,MV_in_Sema5b
31500000195292,astrocyte_1
31500000165816,astrocyte_1
31500000196573,M_in_Tfap2b
31500000132674,DH_ex_Prkcg/Rxfp1
31500000186360,DH_ex_Sox5/Tac1
31500000128150,DH_ex_Prkcg/Nts
31500000177722,MV_in_Gabra1
31500000154044,oligodendrocyte_progenitor_2
31500000147141,MV_in_Gm26673
31500000178940,DH_ex_Prkcg/Cck
31500000153993,astrocyte_1
31500000111908,oligodendrocyte_progenitor_2
31500000135841,DH_in_Npy
31500000129510,oligodendrocyte_precursor_cell
31500000120772,oligodendrocyte_2
31500000155814,oligodendrocyte_2
31500000132515,oligodendrocyte_progenitor_2
31500000112631,DH_in_Pdyn
31500000195730,MV_ex_Shox2
31500000193231,oligodendrocyte_progenitor_2
31500000118898,oligodendrocyte_2
31500000169729,DH_ex_Prkcg/Nts
31500000132127,beta_motoneuron
31500000140738,MV_in_Gm26673
31500000196557,DH_ex_Sox5
31500000112134,oligodendrocyte_2
31500000139251,DH_ex_Prkcg/Nts
31500000114354,DM_ex_Zfhx3
31500000152879,DH_ex_Prkcg/Cck
31500000177415,oligodendrocyte_progenitor_2
31500000135764,DH_in_Kcnip2
31500000138239,peripheral_glia
31500000180334,M_ex_Vsx2
31500000113582,DH_ex_Prkcg/Nts
31500000111448,oligodendrocyte_1
31500000194671,oligodendrocyte_progenitor_2
31500000177078,DH_ex_Prkcg/Nts
31500000176294,oligodendrocyte_1
31500000163835,endothelial
31500000181584,DH_ex_Reln/Nmur2
31500000108089,oligodendrocyte_1
31500000170496,oligodendrocyte_progenitor_2
31500000162187,astrocyte_1
31500000120817,oligodendrocyte_2
31500000112293,MV_in_Gm26673
31500000134584,DH_ex_Gpr83
31500000139433,MV_in_Chrna2
31500000166480,astrocyte_1
31500000140090,DM_ex_Zfhx3
31500000161291,MV_in_Sema5b
31500000136553,oligodendrocyte_2
31500000149053,astrocyte_2
31500000147530,DH_in_Npy2r
31500000153014,DH_ex_Tac2
31500000117398,oligodendrocyte_2
31500000189042,astrocyte_1
31500000178076,MV_in_Gabra1
31500000164647,MV_in_Sema5b
31500000132717,meninges_1
31500000131736,MV_in_Gabra1
31500000175035,DH_in_Npy2r
31500000134321,astrocyte_1
31500000116844,DH_in_Cdh3
31500000104899,oligodendrocyte_1
31500000136932,DH_ex_Nmu/Tac2
31500000131651,oligodendrocyte_2
31500000179442,DH_ex_Reln
31500000124469,oligodendrocyte_2
31500000194664,oligodendrocyte_progenitor_2
31500000193079,astrocyte_1
31500000153482,DH_ex_Maf/Cck
31500000166099,oligodendrocyte_2
31500000191428,oligodendrocyte_1
31500000157712,meninges_1
31500000168151,astrocyte_1
31500000188093,visceral_motoneuron
31500000173731,MV_in_Gm26673
31500000139642,astrocyte_2
31500000127213,oligodendrocyte_2
31500000101582,DH_in_Npy2r
31500000158462,oligodendrocyte_progenitor_2
31500000127111,MV_in_Gabra1
31500000190981,oligodendrocyte_1
31500000126271,oligodendrocyte_progenitor_2
31500000100597,oligodendrocyte_progenitor_2
31500000144695,endothelial
31500000192479,astrocyte_1
31500000111522,DH_ex_Grp
31500000173189,oligodendrocyte_1
31500000127023,astrocyte_1
31500000185185,astrocyte_1
31500000176268,oligodendrocyte_progenitor_2
31500000193705,DH_ex_Reln/Nmur2
31500000111791,DH_ex_Grpr
31500000187953,MV_ex_Syt2
31500000143908,DH_ex_Maf/Cck
31500000154037,oligodendrocyte_progenitor_2
31500000164100,alpha_motoneuron
31500000121438,astrocyte_1
31500000134349,meninges_1
31500000143514,meninges_2
31500000169829,endothelial
31500000199129,MV_in_Sema5b
31500000183476,DH_ex_Gpr83
31500000105031,oligodendrocyte_progenitor_2
31500000128614,MV_ex_Syt2
31500000131175,astrocyte_1
31500000196736,astrocyte_1
31500000101991,DH_ex_Prkcg/Nts
31500000130954,oligodendrocyte_progenitor_2
31500000169401,astrocyte_1
31500000187553,oligodendrocyte_2
31500000116526,astrocyte_1
31500000188625,oligodendrocyte_2
31500000180925,oligodendrocyte_progenitor_2
31500000159977,endothelial
31500000175065,M_in_Tfap2b
31500000101949,DM_ex_Zfhx3
31500000156076,astrocyte_1
31500000185017,oligodendrocyte_progenitor_2
31500000170435,meninges_1
31500000191650,endothelial
31500000109663,MV_in_Gabra1
31500000143324,oligodendrocyte_progenitor_2
31500000195410,DH_in_Pdyn
31500000154915,DH_ex_Gpr83
31500000190190,astrocyte_1
31500000121993,oligodendrocyte_precursor_cell
31500000183760,astrocyte_1
31500000188230,oligodendrocyte_progenitor_2
31500000150804,DH_ex_Prkcg/Nts
31500000133595,oligodendrocyte_progenitor_2
31500000155037,meninges_2
31500000166932,oligodendrocyte_progenitor_2
31500000137472,oligodendrocyte_precursor_cell
31500000122366,DH_ex_Maf/Cck
31500000160601,oligodendrocyte_precursor_cell
31500000154117,DH_ex_Sox5
31500000187061,oligodendrocyte_1
31500000131913,visceral_motoneuron
31500000114996,astrocyte_1
31500000130284,DH_ex_Grp
31500000167438,MV_ex_Shox2
31500000125659,DH_in_Cdh3
31500000129644,DH_in_Cdh3
31500000196048,oligodendrocyte_progenitor_2
31500000194592,endothelial
31500000162298,oligodendrocyte_progenitor_2
31500000198766,oligodendrocyte_progenitor_2
31500000166698,astrocyte_1
31500000154224,MV_in_Gm26673
31500000181636,MV_in_Gabra1
31500000112771,alpha_motoneuron
31500000198955,DH_ex_Maf/Slc17a8
31500000104035,astrocyte_1
31500000177289,gamma_motoneuron
31500000107648,oligodendrocyte_1
31500000173584,oligodendrocyte_progenitor_2
31500000115132,DH_in_Npy2r
31500000156179,astrocyte_1
31500000185979,MV_in_Esrrb
31500000182750,oligodendrocyte_progenitor_2
31500000193078,DH_ex_Prkcg/Rxfp1
31500000173794,astrocyte_2
31500000169299,oligodendrocyte_2
31500000162073,oligodendrocyte_1
31500000195514,DM_ex_Zfhx3
31500000141764,MV_ex_Shox2
31500000103629,DH_ex_Prkcg/Rxfp1
31500000196581,DH_ex_Prkcg/Rxfp1
31500000129010,astrocyte_1
31500000171712,oligodendrocyte_progenitor_2
31500000133763,oligodendrocyte_progenitor_2
31500000127076,astrocyte_1
31500000135624,DH_in_Npy
31500000159127,oligodendrocyte_2
31500000183777,DH_ex_Reln
31500000199090,alpha_motoneuron
31500000149043,M_in_Tfap2b
31500000104352,alpha_motoneuron
31500000138208,MV_in_Gm26673
31500000122343,endothelial
31500000152038,beta_motoneuron
31500000124690,oligodendrocyte_1
31500000166050,endothelial
31500000174236,DH_ex_Maf/Cck
31500000181409,MV_in_Esrrb
31500000179435,oligodendrocyte_2
31500000104633,oligodendrocyte_progenitor_2
31500000188142,endothelial
31500000124340,oligodendrocyte_2
31500000187862,oligodendrocyte_2
31500000114988,astrocyte_1
31500000151906,oligodendrocyte_2
31500000186376,oligodendrocyte_progenitor_2
31500000197195,alpha_motoneuron
31500000198596,MV_in_Gm26673
31500000173572,oligodendrocyte_progenitor_2
31500000128869,M_ex_Neurod2
31500000122189,oligodendrocyte_2
31500000149497,astrocyte_2
31500000182002,oligodendrocyte_precursor_cell
31500000155503,M_in_Tfap2b
31500000168535,MV_in_Gabra1
31500000187070,meninges_1
31500000109473,oligodendrocyte_1
31500000166652,MV_in_Sema5b
31500000170157,DH_in_Klhl14
31500000122254,oligodendrocyte_progenitor_2
31500000149197,oligodendrocyte_2
31500000108990,oligodendrocyte_progenitor_2
31500000198825,oligodendrocyte_1
31500000167379,MV_ex_Shox2
31500000193895,microglia
31500000169551,microglia
31500000167509,DH_ex_Reln
31500000153086,oligodendrocyte_1
31500000191532,DM_ex_Zfhx3
31500000187676,DH_ex_Grp
31500000154342,astrocyte_1
31500000183372,astrocyte_2
31500000139806,oligodendrocyte_2
31500000151182,astrocyte_1
31500000184731,astrocyte_1
31500000136089,DH_ex_Reln/Nmur2
31500000123904,oligodendrocyte_2
31500000126935,endothelial
31500000180368,Schwann_cell
31500000149360,DH_ex_Reln
31500000169478,oligodendrocyte_precursor_cell
31500000156389,DM_ex_Zfhx3
31500000109211,DH_in_Pdyn/Gal
31500000113439,endothelial
31500000196786,oligodendrocyte_2
31500000102860,astrocyte_1
31500000108826,oligodendrocyte_1
31500000140708,oligodendrocyte_progenitor_2
31500000140106,astrocyte_1
31500000138232,astrocyte_1
31500000157107,oligodendrocyte_2
31500000164580,oligodendrocyte_1
31500000126055,oligodendrocyte_progenitor_2
31500000173070,astrocyte_1
31500000124154,oligodendrocyte_progenitor_2
31500000124887,oligodendrocyte_progenitor_2
31500000141862,oligodendrocyte_2
31500000174534,MV_in_Esrrb
31500000122823,astrocyte_1
31500000146729,MV_in_Esrrb
31500000126755,DH_ex_Sox5
31500000161075,astrocyte_1
31500000129827,DH_ex_Prkcg/Nts
31500000165188,DH_ex_Maf/Cck
31500000111097,oligodendrocyte_progenitor_2
31500000146891,DH_ex_Sox5/Tac1
31500000173743,DH_in_Cdh3
31500000156435,astrocyte_1
31500000186430,oligodendrocyte_progenitor_2
31500000192995,oligodendrocyte_2
31500000130188,DH_ex_Nmu/Tac2
31500000128091,astrocyte_1
31500000199913,astrocyte_1
31500000121301,oligodendrocyte_precursor_cell
31500000118709,microglia
31500000109992,M_ex_Vsx2/Shox2
31500000194200,MV_ex_Syt2
31500000193867,endothelial
31500000172464,microglia
31500000191562,MV_in_Sema5b
31500000132713,DH_ex_Gpr83
31500000185788,astrocyte_1
31500000179615,microglia
31500000105935,microglia
31500000184543,MV_in_Sema5b
31500000182886,MV_in_Sema5b
31500000114747,DH_in_Cdh3
31500000175288,MV_in_Gm26673
31500000144121,oligodendrocyte_precursor_cell
31500000161780,oligodendrocyte_progenitor_2
31500000182207,M_in_Tfap2b
31500000194971,MV_in_Gm26673
31500000126309,DH_in_Npy
31500000145027,astrocyte_1
31500000158534,meninges_1
31500000124884,oligodendrocyte_progenitor_2
31500000133543,oligodendrocyte_progenitor_2
31500000135022,oligodendrocyte_progenitor_2
31500000105612,oligodendrocyte_1
31500000148322,astrocyte_2
31500000173909,oligodendrocyte_2
31500000197097,astrocyte_2
31500000188241,oligodendrocyte_progenitor_2
31500000116891,oligodendrocyte_progenitor_2
31500000197839,DH_ex_Grpr
31500000148248,oligodendrocyte_2
31500000138053,DH_in_Npy2r
31500000106640,astrocyte_1
31500000105239,oligodendrocyte_2
31500000171897,astrocyte_2
31500000158902,astrocyte_1
31500000177534,endothelial
31500000127779,oligodendrocyte_progenitor_2
31500000111542,oligodendrocyte_progenitor_2
31500000100730,DM_ex_Zfhx3
31500000135447,alpha_motoneuron
31500000122884,DM_ex_Zfhx3
31500000182210,DH_ex_Prkcg/Nts
31500000173111,oligodendrocyte_progenitor_2
31500000199243,oligodendrocyte_2
31500000167374,DH_ex_Reln/Nmur2
31500000179600,endothelial
31500000194209,DM_ex_Zfhx3
31500000185106,DH_ex_Prkcg/Nts
31500000151531,MV_in_Gabra1
31500000132167,M_in_Tfap2b
31500000184810,astrocyte_1
31500000198972,endothelial
31500000183898,oligodendrocyte_1
31500000104902,astrocyte_2
31500000107749,oligodendrocyte_2
31500000167265,oligodendrocyte_progenitor_2
31500000110034,DH_in_Cdh3
31500000188613,oligodendrocyte_progenitor_2
31500000174141,MV_in_Sema5b
31500000147082,astrocyte_1
31500000172864,astrocyte_1
31500000111834,MV_in_Sema5b
31500000111064,astrocyte_1
31500000164192,DH_in_Npy2r
31500000108452,oligodendrocyte_precursor_cell
31500000164174,MV_in_Gabra1
31500000110347,astrocyte_1
31500000156816,DH_ex_Grp
31500000126000,oligodendrocyte_2
31500000115758,M_ex_Vsx2/Shox2
31500000146323,astrocyte_1
31500000108049,oligodendrocyte_1
31500000146531,oligodendrocyte_2
31500000104047,MV_in_Gm26673
31500000123708,MV_ex_Syt2
31500000139267,DH_ex_Nmu/Tac2
31500000188137,DH_ex_Reln/Nmur2
31500000110666,DM_ex_Zfhx3
31500000106785,astrocyte_1
31500000101358,meninges_1
31500000162050,oligodendrocyte_progenitor_2
31500000197399,DH_in_Npy
31500000167298,DH_in_Pdyn/Gal
31500000110990,DH_ex_Nmu/Tac2
31500000199683,endothelial
31500000147181,oligodendrocyte_1
31500000150313,oligodendrocyte_1
31500000133291,DH_in_Cdh3
31500000194113,astrocyte_1
31500000180093,DH_ex_Nmu/Tac2
31500000160080,DM_ex_Zfhx3
31500000142229,astrocyte_1
31500000131698,oligodendrocyte_2
31500000161558,astrocyte_1
31500000153855,DH_ex_Prkcg/Nts
31500000133091,oligodendrocyte_2
31500000186315,oligodendrocyte_progenitor_2
31500000105385,oligodendrocyte_progenitor_2
31500000120447,oligodendrocyte_progenitor_2
31500000160338,DM_ex_Zfhx3
31500000104422,oligodendrocyte_2
31500000113815,DH_in_Npy2r
31500000108377,DH_ex_Gpr83
31500000160185,oligodendrocyte_progenitor_2
31500000195996,oligodendrocyte_progenitor_2
31500000195081,oligodendrocyte_progenitor_2
31500000165995,oligodendrocyte_precursor_cell
31500000139621,oligodendrocyte_progenitor_2
31500000187291,astrocyte_1
31500000148221,DM_ex_Zfhx3
31500000156251,oligodendrocyte_progenitor_2
31500000154045,oligodendrocyte_progenitor_2
31500000178114,astrocyte_1
31500000125207,DH_ex_Reln/Nmur2
31500000183067,oligodendrocyte_2
31500000129875,oligodendrocyte_precursor_cell
31500000124756,oligodendrocyte_progenitor_2
31500000148826,MV_in_Gm26673
31500000185750,oligodendrocyte_2
31500000130832,oligodendrocyte_progenitor_2
31500000131370,gamma_motoneuron
31500000121788,peripheral_glia
31500000199870,DH_ex_Reln/Nmur2
31500000113748,oligodendrocyte_1
31500000157717,oligodendrocyte_progenitor_2
31500000192031,oligodendrocyte_progenitor_2
31500000175978,oligodendrocyte_1
31500000162942,oligodendrocyte_2
31500000133275,endothelial
31500000171382,astrocyte_2
31500000132409,MV_in_Sema5b
31500000155250,microglia
31500000164372,oligodendrocyte_progenitor_2
31500000147424,oligodendrocyte_progenitor_2
31500000182729,astrocyte_1
31500000160225,astrocyte_1
31500000160701,oligodendrocyte_2
31500000196488,oligodendrocyte_2
31500000140732,oligodendrocyte_progenitor_2
31500000186577,oligodendrocyte_2
31500000197093,astrocyte_1
31500000106346,oligodendrocyte_progenitor_2
31500000130928,meninges_1
31500000138212,astrocyte_1
31500000173434,oligodendrocyte_progenitor_2
31500000121602,MV_ex_Shox2
31500000142951,DH_in_Pdyn
31500000179202,MV_ex_Shox2
31500000129720,astrocyte_1
31500000149216,astrocyte_1
31500000140377,oligodendrocyte_progenitor_2
31500000159122,oligodendrocyte_progenitor_1
31500000127537,microglia
31500000186153,oligodendrocyte_2
31500000198094,oligodendrocyte_precursor_cell
31500000124303,MV_ex_Syt2
31500000110851,endothelial
31500000128535,endothelial
31500000130644,alpha_motoneuron
31500000153441,astrocyte_2
31500000163142,endothelial
31500000196395,astrocyte_1
31500000110540,endothelial
31500000173193,endothelial
31500000100508,MV_in_Esrrb
31500000138102,M_in_Tfap2b
31500000168689,astrocyte_1
31500000115991,oligodendrocyte_progenitor_2
31500000191536,astrocyte_1
31500000144080,oligodendrocyte_1
31500000119780,gamma_motoneuron
31500000111000,MV_ex_Syt2
31500000106978,astrocyte_1
31500000156069,MV_in_Gabra1
31500000135673,oligodendrocyte_progenitor_2
31500000132193,astrocyte_2
31500000126798,astrocyte_2
31500000138765,DM_ex_Zfhx3
31500000180945,alpha_motoneuron
31500000199564,astrocyte_1
31500000185694,astrocyte_1
31500000106222,alpha_motoneuron
31500000140938,MV_ex_Shox2
31500000149256,DH_ex_Maf/Cck
31500000138134,DH_in_Npy
31500000190990,DH_ex_Sox5
31500000194005,oligodendrocyte_progenitor_1
31500000107778,gamma_motoneuron
31500000107969,alpha_motoneuron
31500000153329,astrocyte_1
31500000195446,MV_in_Gm26673
31500000180173,oligodendrocyte_2
31500000105337,DH_ex_Maf/Cck
31500000105198,MV_in_Gabra1
31500000103462,astrocyte_1
31500000172352,Schwann_cell
31500000176751,astrocyte_1
31500000119919,MV_in_Gm26673
31500000186135,DH_ex_Reln/Npff
31500000175885,endothelial
31500000170713,DH_ex_Sox5
31500000138384,alpha_motoneuron
31500000128685,oligodendrocyte_2
31500000139962,astrocyte_1
31500000194094,DH_ex_Grp
31500000140006,MV_ex_Syt2
31500000124338,astrocyte_2
31500000121763,oligodendrocyte_progenitor_2
31500000173440,oligodendrocyte_progenitor_2
31500000188367,MV_in_Gm26673
31500000195122,oligodendrocyte_progenitor_2
31500000101987,oligodendrocyte_progenitor_2
31500000107656,M_in_Tfap2b
31500000186351,oligodendrocyte_progenitor_2
31500000132017,alpha_motoneuron
31500000135133,oligodendrocyte_progenitor_2
31500000182421,microglia
31500000108845,oligodendrocyte_2
31500000172779,peripheral_glia
31500000178752,DH_ex_Sox5
31500000108522,MV_ex_Shox2
31500000184958,astrocyte_1
31500000114097,DH_ex_Reln/Nmur2
31500000133897,oligodendrocyte_1
31500000174737,MV_in_Sema5b
31500000181262,DH_in_Rorb
31500000101714,MV_in_Gm26673
31500000143205,oligodendrocyte_progenitor_2
31500000195876,astrocyte_1
31500000133414,DH_ex_Sox5
31500000142989,oligodendrocyte_progenitor_2
31500000148714,endothelial
31500000117204,oligodendrocyte_1
31500000107416,DH_in_Pdyn/Gal
31500000124139,DH_in_Npy2r
31500000177833,meninges_2
31500000141489,astrocyte_1
31500000163311,DH_in_Cdh3
31500000112949,DH_in_Cdh3
31500000118422,MV_in_Gm26673
31500000159778,oligodendrocyte_progenitor_2
31500000137238,MV_in_Gabra1
31500000182236,MV_in_Esrrb
31500000188957,endothelial
31500000102671,oligodendrocyte_1
31500000137568,pericyte
31500000111356,oligodendrocyte_progenitor_2
31500000131655,endothelial
31500000162987,MV_in_Gabra1
31500000129158,DH_in_Npy2r
31500000105892,MV_in_Esrrb
31500000108289,meninges_1
31500000126977,M_in_Tfap2b
31500000187525,astrocyte_2
31500000111846,oligodendrocyte_1
31500000155574,endothelial
31500000128764,oligodendrocyte_progenitor_2
31500000139991,Schwann_cell
31500000131541,DH_in_Rorb
31500000145506,astrocyte_1
31500000169494,astrocyte_1
31500000184802,oligodendrocyte_progenitor_2
31500000151167,DH_ex_Nmu/Tac2
31500000118173,astrocyte_1
31500000185657,endothelial
31500000120519,oligodendrocyte_2
31500000178692,Schwann_cell
31500000196896,DH_ex_Reln/Nmur2
31500000191476,astrocyte_1
31500000151014,endothelial
31500000120216,microglia
31500000145603,MV_ex_Syt2
31500000120263,astrocyte_1
31500000122811,M_ex_Neurod2
31500000127915,astrocyte_1
31500000128919,microglia
31500000164129,oligodendrocyte_2
31500000173538,oligodendrocyte_precursor_cell
31500000120442,astrocyte_1
31500000184565,astrocyte_1
31500000168421,astrocyte_2
31500000165889,astrocyte_2
31500000121973,DM_ex_Zfhx3
31500000184353,DH_in_Cdh3
31500000177912,DH_in_Pdyn
31500000108773,astrocyte_1
31500000189540,astrocyte_2
31500000184284,astrocyte_1
31500000180491,astrocyte_1
31500000188505,M_in_Tfap2b
31500000132731,astrocyte_1
31500000172584,astrocyte_1
31500000134184,endothelial
31500000194500,M_in_Tfap2b
31500000174339,oligodendrocyte_2
31500000172305,astrocyte_1
31500000178486,oligodendrocyte_2
31500000157471,oligodendrocyte_2
31500000109478,DH_in_Cdh3
31500000151109,DH_ex_Reln/Nmur2
31500000119330,MV_in_Gm26673
31500000147840,oligodendrocyte_progenitor_2
31500000132737,DH_in_Pdyn
31500000150941,DH_ex_Prkcg/Cck
31500000154386,astrocyte_1
31500000110195,meninges_1
31500000133813,DH_ex_Nmu/Tac2
31500000185073,oligodendrocyte_2
31500000156711,alpha_motoneuron
31500000184273,oligodendrocyte_2
31500000134940,oligodendrocyte_progenitor_2
31500000108885,MV_ex_Syt2
31500000148854,DM_ex_Zfhx3
31500000179710,endothelial
31500000149749,oligodendrocyte_progenitor_1
31500000107814,oligodendrocyte_progenitor_2
31500000176228,oligodendrocyte_progenitor_2
31500000107841,oligodendrocyte_1
31500000118731,oligodendrocyte_2
31500000129673,MV_in_Esrrb
31500000162056,astrocyte_1
31500000160884,MV_in_Gabra1
31500000188432,endothelial
31500000189870,DH_ex_Tac2
31500000141033,oligodendrocyte_progenitor_2
31500000163304,DH_ex_Sox5/Tac1
31500000138365,oligodendrocyte_1
31500000105543,DM_ex_Zfhx3
31500000144553,astrocyte_2
31500000177560,oligodendrocyte_progenitor_2
31500000188689,DH_ex_Maf/Cck
31500000119280,DH_ex_Prkcg/Rxfp1
31500000107301,astrocyte_1
31500000176836,DH_ex_Maf/Cck
31500000184951,astrocyte_1
31500000144038,astrocyte_1
31500000132838,oligodendrocyte_precursor_cell
31500000142305,oligodendrocyte_1
31500000150700,oligodendrocyte_1
31500000160367,oligodendrocyte_progenitor_2
31500000111728,oligodendrocyte_1
31500000182862,oligodendrocyte_1
31500000161940,DH_ex_Reln/Nmur2
31500000122253,oligodendrocyte_2
31500000121635,astrocyte_2
31500000118992,DH_in_Npy2r
31500000114672,DH_ex_Sox5/Tac1
31500000151562,DH_ex_Grpr
31500000133855,oligodendrocyte_progenitor_2
31500000134469,microglia
31500000101064,oligodendrocyte_progenitor_2
31500000132730,peripheral_glia
31500000159343,DH_in_Pdyn
31500000148674,oligodendrocyte_1
31500000186087,astrocyte_1
31500000161286,oligodendrocyte_progenitor_2
31500000190683,endothelial
31500000103150,oligodendrocyte_progenitor_2
31500000128219,endothelial
31500000135705,endothelial
31500000105758,DH_ex_Sox5
31500000145714,oligodendrocyte_2
31500000115526,DH_ex_Reln/Npff
31500000142008,oligodendrocyte_1
31500000107986,DH_ex_Reln
31500000147847,astrocyte_1
31500000121701,astrocyte_1
31500000162169,oligodendrocyte_1
31500000123564,oligodendrocyte_2
31500000148897,visceral_motoneuron
31500000144765,DH_ex_Reln/Npff
31500000122237,DH_in_Pdyn
31500000104935,oligodendrocyte_progenitor_2
31500000100970,M_in_Tfap2b
31500000162787,astrocyte_2
31500000153300,astrocyte_1
31500000121790,oligodendrocyte_2
31500000156489,oligodendrocyte_progenitor_2
31500000139761,oligodendrocyte_progenitor_2
31500000104547,oligodendrocyte_progenitor_2
31500000156589,DH_in_Pdyn/Gal
31500000113757,DH_ex_Sox5
31500000119779,endothelial
31500000132054,DH_in_Cdh3
31500000142449,oligodendrocyte_progenitor_2
31500000176321,MV_in_Gm26673
31500000175367,oligodendrocyte_precursor_cell
31500000145798,astrocyte_1
31500000129760,MV_in_Gm26673
31500000182779,MV_in_Gm26673
31500000192592,DH_in_Npy
31500000127437,MV_in_Esrrb
31500000165142,MV_in_Gm26673
31500000174402,oligodendrocyte_2
31500000128258,oligodendrocyte_2
31500000117547,M_in_Tfap2b
31500000164235,astrocyte_2
31500000151548,DH_ex_Tac2
31500000167993,astrocyte_2
31500000184177,oligodendrocyte_progenitor_2
31500000104639,DH_in_Cdh3
31500000164444,MV_in_Gabra1
31500000101851,astrocyte_1
31500000167331,astrocyte_1
31500000169446,MV_in_Esrrb
31500000166371,astrocyte_1
31500000103935,DH_ex_Gpr83
31500000164436,astrocyte_1
31500000123358,M_ex_Vsx2
31500000191709,astrocyte_1
31500000146787,M_in_Tfap2b
31500000180108,astrocyte_1
31500000114341,endothelial
31500000148834,oligodendrocyte_2
31500000141248,oligodendrocyte_precursor_cell
31500000123910,astrocyte_2
31500000183443,oligodendrocyte_progenitor_2
31500000134302,MV_in_Gabra1
31500000178356,oligodendrocyte_progenitor_2
31500000125994,DH_ex_Maf/Cck
31500000113236,DH_ex_Prkcg/Rxfp1
31500000123213,endothelial
31500000169516,astrocyte_1
31500000148935,DH_ex_Reln/Npff
31500000175576,astrocyte_2
31500000163092,microglia
31500000129045,MV_in_Gabra1
31500000179336,DH_in_Cdh3
31500000148159,oligodendrocyte_2
31500000199615,endothelial
31500000105405,oligodendrocyte_1
31500000154456,oligodendrocyte_progenitor_1
31500000175782,oligodendrocyte_progenitor_2
31500000146439,alpha_motoneuron
31500000110975,DH_in_Npy
31500000198686,alpha_motoneuron
31500000193575,oligodendrocyte_progenitor_2
31500000164878,astrocyte_1
31500000169179,oligodendrocyte_progenitor_1
31500000115937,MV_in_Sema5b
31500000111508,DH_ex_Nmu/Tac2
31500000171322,astrocyte_1
31500000193810,astrocyte_2
31500000100497,oligodendrocyte_progenitor_2
31500000138819,DH_in_Cdh3
31500000161506,astrocyte_1
31500000197147,astrocyte_1
31500000119416,astrocyte_1
31500000150565,astrocyte_2
31500000146021,oligodendrocyte_precursor_cell
31500000118029,meninges_1
31500000181870,oligodendrocyte_1
31500000180668,MV_in_Esrrb
31500000162083,DH_ex_Reln/Nmur2
31500000178393,oligodendrocyte_precursor_cell
31500000169234,DH_ex_Sox5/Tac1
31500000109522,DH_in_Cdh3
31500000158444,oligodendrocyte_1
31500000158282,DH_ex_Maf/Cck
31500000192562,endothelial
31500000128017,DH_in_Npy2r
31500000182976,oligodendrocyte_1
31500000141738,MV_in_Gm26673
31500000145404,oligodendrocyte_2
31500000146833,astrocyte_1
31500000183718,astrocyte_1
31500000152385,endothelial
31500000186798,oligodendrocyte_2
31500000122304,DM_ex_Zfhx3
31500000132661,M_ex_Vsx2
31500000140348,DM_ex_Zfhx3
31500000158063,endothelial
31500000142199,oligodendrocyte_1
31500000160824,astrocyte_1
31500000128385,astrocyte_1
31500000193551,oligodendrocyte_progenitor_2
31500000184577,oligodendrocyte_precursor_cell
31500000183519,astrocyte_1
31500000104296,astrocyte_1
31500000143888,astrocyte_1
31500000176486,DM_ex_Zfhx3
31500000151307,oligodendrocyte_1
31500000187936,MV_in_Sema5b
31500000148445,oligodendrocyte_progenitor_2
31500000156417,oligodendrocyte_2
31500000132372,oligodendrocyte_precursor_cell
31500000137975,Schwann_cell
31500000115637,DH_ex_Grpr
31500000177376,astrocyte_1
31500000154228,oligodendrocyte_1
31500000129599,DH_ex_Reln/Npff
31500000128164,astrocyte_1
31500000165949,oligodendrocyte_progenitor_2
31500000177519,DH_ex_Gpr83
31500000161846,oligodendrocyte_1
31500000190865,endothelial
31500000100979,DH_ex_Prkcg/Cck
31500000187702,MV_ex_Syt2
31500000128794,gamma_motoneuron
31500000135505,astrocyte_1
31500000118424,alpha_motoneuron
31500000185980,Schwann_cell
31500000165365,MV_in_Esrrb
31500000195618,M_ex_Vsx2/Shox2
31500000157512,DH_ex_Reln
31500000195300,astrocyte_1
31500000123746,DH_in_Cdh3
31500000151505,astrocyte_1
31500000101121,oligodendrocyte_2
31500000119796,oligodendrocyte_progenitor_2
31500000162564,oligodendrocyte_precursor_cell
31500000128768,endothelial
31500000179395,microglia
31500000188646,DH_ex_Gpr83
31500000124693,oligodendrocyte_progenitor_2
31500000152752,oligodendrocyte_2
31500000127058,oligodendrocyte_progenitor_2
31500000190816,astrocyte_1
31500000150540,meninges_1
31500000146553,DH_ex_Rreb1
31500000116853,astrocyte_1
31500000124201,astrocyte_2
31500000103036,DH_in_Rorb
31500000177852,astrocyte_2
31500000108203,DH_ex_Grpr
31500000191477,oligodendrocyte_1
31500000117466,astrocyte_1
31500000198142,endothelial
31500000197472,oligodendrocyte_progenitor_1
31500000183125,microglia
31500000142999,astrocyte_1
31500000119789,oligodendrocyte_progenitor_2
31500000191777,oligodendrocyte_progenitor_2
31500000154899,astrocyte_1
31500000125147,MV_in_Gm26673
31500000121731,endothelial
31500000159308,oligodendrocyte_2
31500000137358,astrocyte_1
31500000144616,MV_in_Gm26673
31500000162178,MV_ex_Shox2
31500000111132,astrocyte_1
31500000134563,DH_ex_Reln/Nmur2
31500000147383,oligodendrocyte_progenitor_2
31500000142223,astrocyte_1
31500000120529,astrocyte_1
31500000152079,DH_ex_Prkcg/Rxfp1
31500000120523,oligodendrocyte_1
31500000198075,oligodendrocyte_progenitor_2
31500000102040,ependymal
31500000154334,astrocyte_1
31500000143094,oligodendrocyte_progenitor_2
31500000126003,MV_in_Gm26673
31500000110846,oligodendrocyte_progenitor_2
31500000197581,M_ex_Vsx2
31500000133769,MV_in_Sema5b
31500000150551,alpha_motoneuron
31500000176407,oligodendrocyte_progenitor_2
31500000100608,astrocyte_1
31500000118492,MV_in_Gabra1
31500000136162,endothelial
31500000142228,MV_in_Gabra1
31500000161237,MV_in_Gm26673
31500000156698,MV_in_Gabra1
31500000185572,DH_ex_Reln/Nmur2
31500000138977,MV_in_Gabra1
31500000117007,DH_ex_Maf/Cck
31500000186918,MV_in_Gabra1
31500000129293,oligodendrocyte_progenitor_2
31500000148872,oligodendrocyte_precursor_cell
31500000171706,oligodendrocyte_1
31500000125061,oligodendrocyte_2
31500000165380,astrocyte_1
31500000119445,DH_ex_Prkcg/Cck
31500000145527,oligodendrocyte_2
31500000197975,oligodendrocyte_progenitor_2
31500000125043,endothelial
31500000178916,MV_in_Gabra1
31500000168121,Schwann_cell
31500000154578,DH_ex_Prkcg/Nts
31500000182016,astrocyte_2
31500000151151,DH_in_Kcnip2
31500000119793,DH_ex_Sox5/Tac1
31500000102418,meninges_1
31500000146776,DH_ex_Grpr
31500000101117,DH_ex_Reln
31500000137951,alpha_motoneuron
31500000141323,oligodendrocyte_progenitor_2
31500000170145,astrocyte_1
31500000115084,oligodendrocyte_progenitor_2
31500000132156,astrocyte_1
31500000184912,MV_ex_Syt2
31500000146970,oligodendrocyte_2
31500000119721,oligodendrocyte_progenitor_2
31500000141485,astrocyte_2
31500000140486,oligodendrocyte_progenitor_2
31500000154355,MV_ex_Syt2
31500000118632,MV_in_Esrrb
31500000156947,astrocyte_1
31500000137232,oligodendrocyte_2
31500000130825,astrocyte_1
31500000129925,DH_ex_Sox5/Tac1
31500000185292,oligodendrocyte_progenitor_2
31500000198604,MV_in_Gabra1
31500000188587,oligodendrocyte_2
31500000187442,oligodendrocyte_progenitor_2
31500000168256,MV_in_Gm26673
31500000123077,oligodendrocyte_progenitor_2
31500000199413,DH_ex_Reln
31500000181208,alpha_motoneuron
31500000145080,oligodendrocyte_2
31500000137649,oligodendrocyte_progenitor_2
31500000172784,DH_ex_Grp
31500000173474,Schwann_cell
31500000157983,astrocyte_1
31500000150653,DH_ex_Prkcg/Nts
31500000138328,oligodendrocyte_progenitor_2
31500000173675,DH_ex_Reln
31500000164302,oligodendrocyte_2
31500000141724,astrocyte_1
31500000130006,oligodendrocyte_progenitor_2
31500000156840,astrocyte_2
31500000173115,microglia
31500000175096,oligodendrocyte_progenitor_2
31500000100357,astrocyte_1
31500000102033,DH_ex_Reln/Nmur2
31500000140768,oligodendrocyte_2
31500000116979,astrocyte_1
31500000153592,oligodendrocyte_precursor_cell
31500000129276,DH_in_Cdh3
31500000139053,DH_ex_Sox5
31500000163509,oligodendrocyte_2
31500000122145,endothelial
31500000166644,oligodendrocyte_2
31500000156438,oligodendrocyte_2
31500000107598,MV_in_Gabra1
31500000120981,MV_in_Sema5b
31500000135176,DH_ex_Reln/Nmur2
31500000108634,oligodendrocyte_progenitor_2
31500000124282,DM_ex_Zfhx3
31500000148759,astrocyte_2
31500000115009,microglia
31500000189810,oligodendrocyte_progenitor_2
31500000165557,meninges_1
31500000168250,astrocyte_1
31500000157563,MV_in_Sema5b
31500000198454,DM_ex_Zfhx3
31500000142614,MV_in_Chrna2
31500000196631,MV_in_Sema5b
31500000100140,DH_in_Cdh3
31500000187769,Schwann_cell
31500000187608,microglia
31500000164716,MV_in_Sema5b
31500000194817,oligodendrocyte_progenitor_2
31500000148748,endothelial
31500000143336,MV_in_Sema5b
31500000104798,astrocyte_1
31500000134341,DH_ex_Cpne4
31500000159479,oligodendrocyte_2
31500000116676,oligodendrocyte_2
31500000107924,astrocyte_1
31500000144144,oligodendrocyte_progenitor_2
31500000178508,oligodendrocyte_progenitor_2
31500000196734,oligodendrocyte_2
31500000161462,DH_in_Pdyn
31500000172044,oligodendrocyte_progenitor_2
31500000150203,oligodendrocyte_2
31500000130810,DM_ex_Zfhx3
31500000160865,MV_in_Gm26673
31500000105696,DH_ex_Reln/Nmur2
31500000133794,astrocyte_2
31500000125780,DM_ex_Zfhx3
31500000176213,astrocyte_1
31500000120902,oligodendrocyte_progenitor_2
31500000165529,Schwann_cell
31500000183573,meninges_1
31500000173410,DH_ex_Reln/Nmur2
31500000144186,oligodendrocyte_2
31500000102054,alpha_motoneuron
31500000142140,oligodendrocyte_progenitor_2
31500000147249,astrocyte_2
31500000161139,MV_in_Gabra1
31500000103713,DH_in_Cdh3
31500000195316,oligodendrocyte_progenitor_2
31500000177088,oligodendrocyte_2
31500000126631,alpha_motoneuron
31500000151921,oligodendrocyte_precursor_cell
31500000138635,astrocyte_1
31500000196681,MV_in_Gabra1
31500000137030,MV_in_Gabra1
31500000114010,alpha_motoneuron
31500000182225,MV_in_Sema5b
31500000188350,MV_in_Gabra1
31500000146889,meninges_1
31500000173863,MV_ex_Syt2
31500000116966,oligodendrocyte_2
31500000132831,MV_in_Esrrb
31500000188370,oligodendrocyte_progenitor_2
31500000114042,alpha_motoneuron
31500000105081,oligodendrocyte_progenitor_2
31500000191570,oligodendrocyte_1
31500000151941,DH_ex_Sox5
31500000183014,endothelial
31500000126121,astrocyte_1
31500000126519,oligodendrocyte_2
31500000135436,oligodendrocyte_progenitor_2
31500000193033,endothelial
31500000169136,oligodendrocyte_2
31500000187992,DH_ex_Sox5/Tac1
31500000129244,oligodendrocyte_2
31500000113310,oligodendrocyte_progenitor_2
31500000170055,oligodendrocyte_1
31500000159532,astrocyte_1
31500000134450,oligodendrocyte_progenitor_2
31500000107751,DH_ex_Grp
31500000110430,meninges_3
31500000136031,astrocyte_1
31500000125792,oligodendrocyte_progenitor_2
31500000128659,MV_in_Gabra1
31500000190453,DH_ex_Reln/Nmur2
31500000143198,astrocyte_1
31500000141822,M_in_Tfap2b
31500000129772,endothelial
31500000128369,oligodendrocyte_2
31500000154832,oligodendrocyte_progenitor_2
31500000171626,M_ex_Vsx2
31500000165705,DH_ex_Prkcg/Rxfp1
31500000119735,DH_in_Klhl14
31500000146013,astrocyte_2
31500000181396,oligodendrocyte_progenitor_2
31500000179289,DH_ex_Reln/Nmur2
31500000154459,endothelial
31500000140646,astrocyte_1
31500000193728,DH_in_Pdyn
31500000190887,DH_in_Npy2r
31500000198817,astrocyte_1
31500000142264,oligodendrocyte_1
31500000188307,alpha_motoneuron
31500000154169,MV_ex_Shox2
31500000144724,oligodendrocyte_1
31500000181215,oligodendrocyte_progenitor_2
31500000148471,MV_in_Esrrb
31500000183136,DH_in_Pdyn/Gal
31500000129023,MV_in_Gm26673
31500000179682,DH_in_Pdyn
31500000174846,oligodendrocyte_2
31500000134686,endothelial
31500000139659,oligodendrocyte_2
31500000144713,oligodendrocyte_progenitor_2
31500000190230,DH_in_Cdh3
31500000131339,gamma_motoneuron
31500000121195,oligodendrocyte_1
31500000122169,DH_ex_Prkcg/Nts
31500000151360,oligodendrocyte_2
31500000147975,oligodendrocyte_2
31500000128850,astrocyte_1
31500000165186,microglia
31500000137465,endothelial
31500000180777,oligodendrocyte_progenitor_2
31500000124572,oligodendrocyte_progenitor_2
31500000177282,oligodendrocyte_2
31500000151965,oligodendrocyte_progenitor_2
31500000119043,oligodendrocyte_1
31500000119739,DH_ex_Reln/Npff
31500000136296,oligodendrocyte_progenitor_2
31500000135317,endothelial
31500000129713,astrocyte_2
31500000198877,alpha_motoneuron
31500000160112,DH_in_Pdyn
31500000118658,MV_in_Gabra1
31500000185991,astrocyte_2
31500000138972,DH_in_Npy
31500000137304,oligodendrocyte_2
31500000188294,oligodendrocyte_progenitor_2
31500000164990,oligodendrocyte_2
31500000166496,DH_ex_Maf/Cck
31500000136156,DH_ex_Prkcg/Nts
31500000172168,DH_in_Cdh3
31500000168425,DM_ex_Zfhx3
31500000118485,M_in_Tfap2b
31500000180720,MV_ex_Syt2
31500000154571,astrocyte_1
31500000154340,MV_in_Gabra1
31500000150167,DH_ex_Prkcg/Cck
31500000139441,astrocyte_1
31500000187131,astrocyte_1
31500000166946,astrocyte_1
31500000150768,astrocyte_1
31500000150625,alpha_motoneuron
31500000168995,DH_ex_Maf/Cck
31500000158893,MV_ex_Syt2
31500000178281,DH_in_Cdh3
31500000108880,oligodendrocyte_progenitor_2
31500000119175,gamma_motoneuron
31500000149642,endothelial
31500000162967,Schwann_cell
31500000186330,astrocyte_1
31500000138731,DH_ex_Sox5
31500000193053,endothelial
31500000182544,endothelial
31500000176537,oligodendrocyte_progenitor_2
31500000154321,astrocyte_1
31500000167255,oligodendrocyte_progenitor_2
31500000133719,MV_in_Gm26673
31500000109452,MV_in_Gabra1
31500000170610,astrocyte_2
31500000168539,DH_ex_Grpr
31500000198061,Schwann_cell
31500000100459,DH_ex_Tac2
31500000152184,astrocyte_1
31500000148842,MV_ex_Syt2
31500000168040,DH_in_Npy2r
31500000163075,astrocyte_1
31500000127503,oligodendrocyte_1
31500000145173,oligodendrocyte_progenitor_2
31500000100590,DM_ex_Zfhx3
31500000137762,alpha_motoneuron
31500000187504,oligodendrocyte_1
31500000127902,oligodendrocyte_1
31500000160530,DH_in_Npy
31500000120198,M_in_Tfap2b
31500000187420,oligodendrocyte_progenitor_2
31500000136941,astrocyte_1
31500000104343,oligodendrocyte_1
31500000182953,DH_in_Npy2r
31500000106435,MV_in_Gabra1
31500000174255,oligodendrocyte_1
31500000139824,MV_ex_Syt2
31500000170821,DH_in_Pdyn/Gal
31500000120374,microglia
31500000181440,oligodendrocyte_2
31500000169558,M_ex_Vsx2
31500000170430,Schwann_cell
31500000165079,DH_ex_Reln/Nmur2
31500000137903,oligodendrocyte_1
31500000185026,DH_ex_Maf/Cck
31500000120227,astrocyte_1
31500000168821,astrocyte_1
31500000121617,alpha_motoneuron
31500000133476,DH_in_Pdyn
31500000131346,DM_ex_Zfhx3
31500000143419,MV_in_Esrrb
31500000126772,oligodendrocyte_1
31500000122506,MV_in_Gm26673
31500000111815,DH_ex_Cpne4
31500000147749,meninges_1
31500000106922,astrocyte_2
31500000132313,DH_ex_Grpr
31500000101352,alpha_motoneuron
31500000143920,DM_ex_Zfhx3
31500000115312,DM_ex_Zfhx3
31500000161371,M_ex_Vsx2/Shox2
31500000158575,endothelial
31500000110785,MV_in_Esrrb
31500000185756,oligodendrocyte_2
31500000117943,oligodendrocyte_2
31500000178130,MV_in_Sema5b
31500000110724,MV_ex_Syt2
31500000116069,endothelial
31500000185274,DH_ex_Nmu/Tac2
31500000160423,astrocyte_1
31500000184718,astrocyte_2
31500000194190,MV_in_Gm26673
31500000109656,microglia
31500000110172,DH_in_Cdh3
31500000117390,oligodendrocyte_1
31500000130766,DH_in_Cdh3
31500000150476,DH_ex_Nmu/Tac2
31500000149736,astrocyte_1
31500000104812,MV_in_Gabra1
31500000178022,oligodendrocyte_progenitor_2
31500000172217,astrocyte_1
31500000187586,MV_ex_Syt2
31500000123875,DH_ex_Sox5/Tac1
31500000184040,astrocyte_1
31500000183667,oligodendrocyte_precursor_cell
31500000157543,astrocyte_1
31500000161794,oligodendrocyte_2
31500000165177,DH_ex_Reln/Npff
31500000109269,DH_ex_Gpr83
31500000114736,alpha_motoneuron
31500000154030,oligodendrocyte_2
31500000161204,DH_ex_Cpne4
31500000130030,oligodendrocyte_progenitor_2
31500000134643,astrocyte_1
31500000193968,astrocyte_1
31500000155205,MV_ex_Syt2
31500000152181,oligodendrocyte_progenitor_2
31500000111525,oligodendrocyte_2
31500000155003,DH_in_Rorb
31500000156487,oligodendrocyte_progenitor_2
31500000126339,oligodendrocyte_progenitor_2
31500000178029,oligodendrocyte_1
31500000117005,DH_in_Cdh3
31500000169384,meninges_1
31500000134523,oligodendrocyte_progenitor_2
31500000193536,MV_ex_Shox2
31500000161521,oligodendrocyte_2
31500000198988,oligodendrocyte_2
31500000182838,oligodendrocyte_2
31500000125554,DH_ex_Nmu/Tac2
31500000136250,M_in_Tfap2b
31500000122628,DH_in_Npy2r
31500000118699,DH_ex_Prkcg/Nts
31500000165586,meninges_3
31500000173937,DH_ex_Gpr83
31500000114111,DH_in_Npy
31500000136320,oligodendrocyte_progenitor_2
31500000169921,oligodendrocyte_2
31500000165219,DM_ex_Zfhx3
31500000188542,DH_ex_Nmu/Tac2
31500000147956,oligodendrocyte_progenitor_2
31500000129066,DH_in_Pdyn/Gal
31500000182708,oligodendrocyte_1
31500000116580,oligodendrocyte_progenitor_2
31500000170856,endothelial
31500000153723,DH_ex_Nmu/Tac2
31500000155410,DH_in_Npy2r
31500000172660,MV_in_Sema5b
31500000199254,oligodendrocyte_progenitor_2
31500000144191,DH_ex_Reln/Nmur2
31500000123071,endothelial
31500000116175,endothelial
31500000101603,meninges_3
31500000151944,DH_ex_Reln/Npff
31500000184091,endothelial
31500000133596,astrocyte_1
31500000168731,MV_in_Gm26673
31500000184604,astrocyte_1
31500000134814,MV_in_Gabra1
31500000115423,DH_in_Rorb
31500000149248,astrocyte_1
31500000199140,M_ex_Vsx2
31500000143781,astrocyte_1
31500000195984,oligodendrocyte_progenitor_2
31500000182935,astrocyte_1
31500000136867,oligodendrocyte_2
31500000149309,DM_ex_Zfhx3
31500000113035,astrocyte_1
31500000138713,oligodendrocyte_progenitor_2
31500000144447,astrocyte_1
31500000185232,oligodendrocyte_2
31500000174195,MV_in_Gabra1
31500000112229,oligodendrocyte_progenitor_2
31500000170217,DM_ex_Zfhx3
31500000127288,oligodendrocyte_2
31500000156773,oligodendrocyte_progenitor_2
31500000165630,DH_ex_Reln/Npff
31500000176167,DH_in_Npy2r
31500000142622,oligodendrocyte_1
31500000100035,DH_in_Cdh3
31500000143799,DM_ex_Zfhx3
31500000126074,oligodendrocyte_progenitor_2
31500000111528,oligodendrocyte_1
31500000136686,MV_in_Sema5b
31500000113168,astrocyte_1
31500000183998,DH_ex_Reln/Nmur2
31500000199597,alpha_motoneuron
31500000109617,alpha_motoneuron
31500000197442,DM_ex_Zfhx3
31500000114046,oligodendrocyte_1
31500000189047,MV_ex_Syt2
31500000115137,DH_in_Pdyn/Gal
31500000134151,oligodendrocyte_progenitor_2
31500000146564,oligodendrocyte_progenitor_2
31500000101040,oligodendrocyte_progenitor_2
31500000130051,MV_ex_Syt2
31500000108871,oligodendrocyte_progenitor_2
31500000144575,astrocyte_2
31500000129151,MV_in_Gm26673
31500000166296,oligodendrocyte_2
31500000186836,astrocyte_2
31500000113381,MV_in_Esrrb
31500000173164,M_ex_Vsx2/Shox2
31500000108928,alpha_motoneuron
31500000157553,oligodendrocyte_progenitor_2
31500000123461,DM_ex_Zfhx3
31500000138794,gamma_motoneuron
31500000171833,alpha_motoneuron
31500000170929,oligodendrocyte_1
31500000121740,MV_in_Gm26673
31500000137727,oligodendrocyte_progenitor_2
31500000111352,astrocyte_1
31500000186336,oligodendrocyte_1
31500000199212,astrocyte_1
31500000128657,oligodendrocyte_progenitor_2
31500000128057,DH_ex_Grpr
31500000113395,oligodendrocyte_progenitor_1
31500000136015,astrocyte_1
31500000133480,M_ex_Vsx2
31500000141098,astrocyte_1
31500000137129,astrocyte_1
31500000196116,oligodendrocyte_progenitor_2
31500000157491,astrocyte_1
31500000134099,endothelial
31500000108461,DH_in_Npy2r
31500000176907,oligodendrocyte_2
31500000199583,oligodendrocyte_2
31500000162699,MV_in_Esrrb
31500000156866,oligodendrocyte_2
31500000166153,endothelial
31500000133937,astrocyte_2
31500000113519,DH_ex_Nmu/Tac2
31500000158002,MV_in_Gm26673
31500000155203,DH_in_Pdyn/Gal
31500000140400,astrocyte_2
31500000142044,oligodendrocyte_1
31500000117309,DH_ex_Reln/Nmur2
31500000111225,oligodendrocyte_progenitor_2
31500000113878,oligodendrocyte_1
31500000135508,MV_in_Gm26673
31500000106188,astrocyte_1
31500000131723,oligodendrocyte_2
31500000146863,beta_motoneuron
31500000193727,meninges_2
31500000152222,astrocyte_2
31500000178651,oligodendrocyte_progenitor_2
31500000138699,DH_ex_Grpr
31500000173469,DH_ex_Sox5
31500000154277,oligodendrocyte_2
31500000101833,oligodendrocyte_progenitor_2
31500000182812,oligodendrocyte_progenitor_2
31500000159606,MV_in_Gabra1
31500000171193,oligodendrocyte_1
31500000128223,DH_ex_Reln/Nmur2
31500000144412,visceral_motoneuron
31500000114076,oligodendrocyte_precursor_cell
31500000118899,astrocyte_2
31500000157876,DH_ex_Gpr83
31500000173878,endothelial
31500000102950,DM_ex_Zfhx3
31500000108996,astrocyte_1
31500000142251,oligodendrocyte_progenitor_2
31500000129042,endothelial
31500000112747,DH_ex_Reln/Nmur2
31500000137148,DH_in_Npy
31500000173074,gamma_motoneuron
31500000179993,DH_ex_Maf/Cck
31500000165183,oligodendrocyte_2
31500000125725,DH_in_Cdh3
31500000103888,MV_in_Gabra1
31500000147123,MV_in_Esrrb
31500000113369,MV_ex_Shox2
31500000156749,MV_in_Gm26673
31500000137393,oligodendrocyte_2
31500000119533,microglia
31500000129854,MV_in_Gm26673
31500000154448,MV_in_Gm26673
31500000170441,astrocyte_2
31500000162670,DH_ex_Tac2
31500000152349,DM_ex_Zfhx3
31500000120416,oligodendrocyte_2
31500000159105,astrocyte_1
31500000167211,oligodendrocyte_progenitor_2
31500000101350,DH_in_Npy
31500000151827,meninges_1
31500000143539,DH_ex_Tac2
31500000195427,DH_in_Cdh3
31500000154270,MV_in_Esrrb
31500000145260,alpha_motoneuron
31500000150158,astrocyte_1
31500000125263,DH_in_Cdh3
31500000181588,astrocyte_2
31500000185181,astrocyte_2
31500000183909,microglia
31500000175473,DH_ex_Maf/Cck
31500000186017,DH_in_Npy2r
31500000143003,MV_in_Sema5b
31500000127664,endothelial
31500000170711,oligodendrocyte_2
31500000172195,astrocyte_1
31500000190145,oligodendrocyte_progenitor_2
31500000181867,oligodendrocyte_progenitor_2
31500000116225,oligodendrocyte_1
31500000133789,oligodendrocyte_1
31500000121668,oligodendrocyte_2
31500000100363,DH_ex_Prkcg/Rxfp1
31500000141968,astrocyte_1
31500000138936,DH_in_Cdh3
31500000107319,astrocyte_1
31500000199198,oligodendrocyte_2
31500000170806,oligodendrocyte_2
31500000182203,DH_ex_Grpr
31500000152702,MV_in_Gabra1
31500000138274,oligodendrocyte_progenitor_2
31500000116278,astrocyte_2
31500000117414,oligodendrocyte_progenitor_2
31500000111962,MV_in_Gabra1
31500000166825,pericyte
31500000163901,MV_in_Sema5b
31500000179219,oligodendrocyte_progenitor_2
31500000176440,DH_ex_Grp
31500000190747,DM_ex_Zfhx3
31500000152889,MV_in_Esrrb
31500000106896,oligodendrocyte_1
31500000198065,oligodendrocyte_1
31500000161323,oligodendrocyte_progenitor_2
31500000124071,MV_in_Gm26673
31500000117474,astrocyte_1
31500000122034,endothelial
31500000193173,astrocyte_1
31500000174035,oligodendrocyte_progenitor_2
31500000188474,DH_ex_Grp
31500000143994,oligodendrocyte_2
31500000135216,DH_ex_Reln/Npff
31500000160220,astrocyte_2
31500000146591,meninges_2
31500000163382,DH_ex_Reln/Nmur2
31500000173299,oligodendrocyte_2
31500000160680,oligodendrocyte_2
31500000153077,DH_ex_Gpr83
31500000122306,oligodendrocyte_progenitor_2
31500000170574,DH_ex_Prkcg/Cck
31500000112287,alpha_motoneuron
31500000145180,astrocyte_1
31500000152221,DH_in_Pdyn
31500000118865,endothelial
31500000124630,oligodendrocyte_2
31500000139078,DM_ex_Zfhx3
31500000149771,oligodendrocyte_progenitor_2
31500000145880,oligodendrocyte_progenitor_2
31500000185679,astrocyte_1
31500000164264,oligodendrocyte_precursor_cell
31500000122039,M_ex_Vsx2/Shox2
31500000123222,astrocyte_1
31500000149279,oligodendrocyte_progenitor_2
31500000113502,alpha_motoneuron
31500000107192,oligodendrocyte_progenitor_2
31500000157760,oligodendrocyte_progenitor_2
31500000116022,DH_in_Npy
31500000113663,astrocyte_1
31500000101314,oligodendrocyte_2
31500000157106,astrocyte_1
31500000192211,DH_ex_Sox5
31500000176572,M_in_Tfap2b
31500000102141,oligodendrocyte_1
31500000164847,oligodendrocyte_1
31500000127421,endothelial
31500000111481,DH_ex_Reln
31500000107087,oligodendrocyte_1
31500000116045,MV_in_Gabra1
31500000148695,endothelial
31500000192952,oligodendrocyte_progenitor_1
31500000115238,oligodendrocyte_progenitor_2
31500000168772,oligodendrocyte_2
31500000132408,M_ex_Vsx2
31500000111571,MV_ex_Syt2
31500000103245,astrocyte_1
31500000111833,MV_in_Gabra1
31500000119492,astrocyte_1
31500000185440,DH_ex_Reln/Nmur2
31500000147982,oligodendrocyte_2
31500000191754,MV_in_Gm26673
31500000122249,oligodendrocyte_2
31500000140838,oligodendrocyte_progenitor_2
31500000106028,oligodendrocyte_progenitor_2
31500000176240,DH_in_Cdh3
31500000120028,DH_ex_Sox5
31500000184328,oligodendrocyte_progenitor_2
31500000145208,gamma_motoneuron
31500000164613,gamma_motoneuron
31500000130034,MV_in_Gabra1
31500000185913,oligodendrocyte_1
31500000186370,MV_in_Chrna2
31500000189388,astrocyte_2
31500000147234,astrocyte_1
31500000103607,astrocyte_2
31500000100017,DH_ex_Reln/Nmur2
31500000155114,alpha_motoneuron
31500000140569,microglia
31500000133751,DM_ex_Zfhx3
31500000141626,DH_ex_Maf/Cck
31500000102424,oligodendrocyte_1
31500000114365,endothelial
31500000134749,astrocyte_1
31500000110848,oligodendrocyte_progenitor_2
31500000110759,oligodendrocyte_1
31500000119777,DH_ex_Tac2
31500000124204,astrocyte_1
31500000153843,astrocyte_1
31500000168467,oligodendrocyte_progenitor_2
31500000146790,oligodendrocyte_progenitor_2
31500000177854,DH_ex_Sox5/Tac1
31500000192237,astrocyte_2
31500000159950,astrocyte_1
31500000137633,astrocyte_1
31500000178445,endothelial
31500000151932,astrocyte_1
31500000198752,oligodendrocyte_2
31500000100958,oligodendrocyte_progenitor_2
31500000156178,gamma_motoneuron
31500000124175,oligodendrocyte_progenitor_2
31500000108235,MV_ex_Shox2
31500000105859,astrocyte_2
31500000133281,oligodendrocyte_progenitor_2
31500000109970,endothelial
31500000128502,DH_ex_Grpr
31500000140598,endothelial
31500000118215,MV_in_Sema5b
31500000162660,oligodendrocyte_1
31500000128906,alpha_motoneuron
31500000140642,MV_ex_Shox2
31500000144583,DH_in_Cdh3
31500000107728,oligodendrocyte_2
31500000187744,oligodendrocyte_2
31500000168926,DH_ex_Cpne4
31500000121553,oligodendrocyte_precursor_cell
31500000147451,MV_in_Sema5b
31500000126741,oligodendrocyte_2
31500000130934,MV_in_Sema5b
31500000163719,oligodendrocyte_1
31500000193086,MV_ex_Syt2
31500000171625,alpha_motoneuron
31500000154405,oligodendrocyte_progenitor_2
31500000129903,DH_ex_Nmu/Tac2
31500000109673,MV_in_Gm26673
31500000114203,meninges_1
31500000137404,oligodendrocyte_2
31500000193805,meninges_3
31500000170416,oligodendrocyte_progenitor_2
31500000137252,DH_ex_Reln
31500000101750,endothelial
31500000162851,astrocyte_1
31500000150725,astrocyte_1
31500000147593,oligodendrocyte_2
31500000147498,DH_in_Pdyn
31500000154573,astrocyte_1
31500000122456,oligodendrocyte_2
31500000139838,DH_ex_Maf/Cck
31500000156853,DH_ex_Prkcg/Nts
31500000108571,MV_in_Sema5b
31500000101169,Schwann_cell
31500000158375,alpha_motoneuron
31500000159726,alpha_motoneuron
31500000176845,DH_in_Rorb
31500000157495,DH_ex_Sox5/Tac1
31500000134455,endothelial
31500000140350,oligodendrocyte_progenitor_2
31500000162576,cholinergic_interneuron
31500000145367,endothelial
31500000178399,DH_in_Pdyn
31500000135380,oligodendrocyte_progenitor_2
31500000121687,oligodendrocyte_2
31500000108542,DH_in_Npy2r
31500000164794,astrocyte_2
31500000163833,oligodendrocyte_progenitor_2
31500000159540,astrocyte_1
31500000139288,alpha_motoneuron
31500000176174,M_in_Tfap2b
31500000146102,astrocyte_1
31500000125937,astrocyte_2
31500000166187,oligodendrocyte_progenitor_2
31500000145749,DH_ex_Gpr83
31500000132291,oligodendrocyte_progenitor_2
31500000167787,oligodendrocyte_progenitor_2
31500000104174,endothelial
31500000198153,DH_ex_Reln/Npff
31500000141335,astrocyte_1
31500000128289,astrocyte_2
31500000152202,DH_ex_Reln/Npff
31500000105124,MV_in_Gm26673
31500000190574,meninges_1
31500000159146,astrocyte_1
31500000160401,oligodendrocyte_progenitor_2
31500000183479,MV_in_Esrrb
31500000131977,oligodendrocyte_2
31500000198837,astrocyte_1
31500000145451,astrocyte_1
31500000120388,DH_ex_Tac2
31500000158245,oligodendrocyte_progenitor_2
31500000196888,meninges_2
31500000133998,alpha_motoneuron
31500000174828,astrocyte_1
31500000178230,endothelial
31500000142829,oligodendrocyte_progenitor_2
31500000176876,oligodendrocyte_2
31500000101572,oligodendrocyte_progenitor_2
31500000164007,endothelial
31500000183779,meninges_2
31500000137470,microglia
31500000177919,DH_ex_Nmu/Tac2
31500000102524,astrocyte_1
31500000101362,DH_ex_Maf/Cck
31500000165446,astrocyte_2
31500000112089,alpha_motoneuron
31500000152430,DH_in_Cdh3
31500000136652,DM_ex_Zfhx3
31500000131387,oligodendrocyte_progenitor_2
31500000161974,MV_ex_Syt2
31500000146263,DH_ex_Prkcg/Nts
31500000174599,oligodendrocyte_1
31500000181937,astrocyte_2
31500000187859,DH_ex_Sox5/Tac1
31500000187196,MV_in_Esrrb
31500000137880,oligodendrocyte_1
31500000194834,MV_ex_Syt2
31500000105035,astrocyte_1
31500000199445,DH_ex_Grpr
31500000124872,DH_ex_Reln/Nmur2
31500000166877,astrocyte_1
31500000156175,DH_in_Cdh3
31500000144603,astrocyte_1
31500000131917,oligodendrocyte_progenitor_2
31500000196499,DH_ex_Prkcg/Nts
31500000140059,M_ex_Vsx2
31500000107704,oligodendrocyte_progenitor_2
31500000112632,meninges_2
31500000126009,oligodendrocyte_progenitor_2
31500000127363,astrocyte_1
31500000179887,endothelial
31500000187840,astrocyte_1
31500000112055,oligodendrocyte_progenitor_2
31500000141668,astrocyte_1
31500000181862,oligodendrocyte_progenitor_2
31500000176351,DH_ex_Reln/Npff
31500000103612,DH_in_Pdyn
31500000182859,astrocyte_1
31500000114523,astrocyte_2
31500000186413,astrocyte_2
31500000119289,Schwann_cell
31500000145635,oligodendrocyte_progenitor_2
31500000158046,oligodendrocyte_progenitor_2
31500000106142,MV_ex_Shox2
31500000136824,DH_in_Cdh3
31500000106395,oligodendrocyte_2
31500000159267,endothelial
31500000128397,DH_ex_Sox5/Tac1
31500000130741,MV_in_Esrrb
31500000107245,oligodendrocyte_1
31500000124749,DH_in_Npy
31500000114289,DH_in_Cdh3
31500000162624,oligodendrocyte_progenitor_2
31500000121420,DH_in_Npy
31500000123193,M_ex_Vsx2
31500000175358,M_ex_Vsx2
31500000164743,astrocyte_1
31500000163358,MV_in_Gm26673
31500000104538,oligodendrocyte_progenitor_2
31500000181818,meninges_3
31500000157051,oligodendrocyte_progenitor_2
31500000183450,oligodendrocyte_progenitor_2
31500000151374,oligodendrocyte_progenitor_2
31500000172309,endothelial
31500000149482,DH_in_Cdh3
31500000191877,DM_ex_Zfhx3
31500000176193,oligodendrocyte_progenitor_2
31500000156104,oligodendrocyte_progenitor_2
31500000141544,astrocyte_1
31500000173546,oligodendrocyte_progenitor_2
31500000100588,DH_ex_Maf/Cck
31500000166716,DH_ex_Maf/Cck
31500000110850,oligodendrocyte_2
31500000118478,DH_ex_Prkcg/Nts
31500000115125,oligodendrocyte_progenitor_2
31500000177237,astrocyte_1
31500000152534,oligodendrocyte_progenitor_2
31500000191398,astrocyte_2
31500000122086,DH_ex_Nmu/Tac2
31500000159413,DH_in_Rorb
31500000119538,astrocyte_1
31500000186725,oligodendrocyte_progenitor_2
31500000157805,endothelial
31500000121051,astrocyte_1
31500000163006,alpha_motoneuron
31500000169975,DH_ex_Sox5
31500000193473,astrocyte_2
31500000198709,endothelial
31500000105398,oligodendrocyte_progenitor_2
31500000171628,oligodendrocyte_2
31500000100085,DH_in_Cdh3
31500000170502,oligodendrocyte_progenitor_2
31500000155551,DH_ex_Tac2
31500000146824,endothelial
31500000157333,oligodendrocyte_progenitor_2
31500000144050,oligodendrocyte_2
31500000103022,DH_ex_Nmu/Tac2
31500000103566,oligodendrocyte_progenitor_2
31500000134268,DH_ex_Nmu/Tac2
31500000174687,M_ex_Vsx2/Shox2
31500000126578,DH_ex_Cpne4
31500000106270,DH_ex_Prkcg/Nts
31500000152034,meninges_3
31500000119263,oligodendrocyte_progenitor_2
31500000108934,DH_ex_Reln
31500000147667,DH_in_Pdyn/Gal
31500000142785,DH_ex_Maf/Cck
31500000152125,DH_ex_Reln/Nmur2
31500000198548,oligodendrocyte_1
31500000182030,oligodendrocyte_progenitor_2
31500000159525,oligodendrocyte_progenitor_2
31500000161403,MV_in_Sema5b
31500000127584,alpha_motoneuron
31500000194795,astrocyte_1
31500000125709,oligodendrocyte_2
31500000100223,astrocyte_1
31500000103670,astrocyte_1
31500000147957,alpha_motoneuron
31500000141567,DH_ex_Prkcg/Nts
31500000169599,MV_ex_Syt2
31500000182419,astrocyte_1
31500000194651,DH_ex_Maf/Cck
31500000188677,DH_in_Pdyn/Gal
31500000108179,astrocyte_1
31500000154115,astrocyte_1
31500000132647,MV_in_Gabra1
31500000173180,oligodendrocyte_2
31500000164541,oligodendrocyte_1
31500000191281,astrocyte_2
31500000160016,Schwann_cell
31500000152529,microglia
31500000189424,MV_in_Gabra1
31500000188786,oligodendrocyte_1
31500000198694,oligodendrocyte_precursor_cell
31500000118452,oligodendrocyte_progenitor_2
31500000179049,oligodendrocyte_1
31500000186581,M_ex_Vsx2
31500000198969,DH_in_Cdh3
31500000151162,alpha_motoneuron
31500000135487,oligodendrocyte_2
31500000157047,astrocyte_1
31500000144975,astrocyte_1
31500000147616,oligodendrocyte_progenitor_2
31500000130813,oligodendrocyte_2
31500000119729,MV_ex_Syt2
31500000141258,endothelial
31500000158205,DH_in_Npy
31500000119464,MV_ex_Syt2
31500000180355,astrocyte_1
31500000163993,astrocyte_1
31500000159751,astrocyte_1
31500000194700,DH_in_Npy
31500000162855,DH_ex_Nmu/Tac2
31500000127209,DH_ex_Prkcg/Nts
31500000169178,MV_in_Gabra1
31500000116198,oligodendrocyte_progenitor_2
31500000114061,M_ex_Vsx2/Shox2
31500000171294,DH_ex_Nmu/Tac2
31500000158890,oligodendrocyte_progenitor_2
31500000196193,meninges_1
31500000137064,oligodendrocyte_1
31500000128538,MV_in_Gabra1
31500000130648,oligodendrocyte_1
31500000126024,DH_in_Rorb
31500000169535,alpha_motoneuron
31500000111181,DH_in_Cdh3
31500000147439,meninges_1
31500000129553,DH_ex_Reln
31500000199581,DH_ex_Nmu/Tac2
31500000187597,MV_in_Esrrb
31500000137940,DH_in_Cdh3
31500000133861,oligodendrocyte_progenitor_2
31500000111625,astrocyte_2
31500000195706,DH_in_Pdyn
31500000173274,oligodendrocyte_progenitor_1
31500000197476,DH_in_Cdh3
31500000121804,DH_ex_Maf/Cck
31500000112141,oligodendrocyte_progenitor_2
31500000194889,MV_in_Esrrb
31500000105214,DH_in_Pdyn
31500000100390,oligodendrocyte_2
31500000114674,oligodendrocyte_progenitor_2
31500000161676,astrocyte_1
31500000162744,DH_in_Cdh3
31500000107882,oligodendrocyte_2
31500000171049,DH_in_Pdyn/Gal
31500000182656,M_in_Tfap2b
31500000185973,oligodendrocyte_1
31500000135658,meninges_2
31500000191163,DH_ex_Maf/Cck
31500000101187,alpha_motoneuron
31500000150757,DH_ex_Reln/Nmur2
31500000164273,astrocyte_1
31500000121107,MV_in_Gm26673
31500000116406,oligodendrocyte_2
31500000127402,DH_in_Pdyn/Gal
31500000107750,DM_ex_Zfhx3
31500000176513,DH_ex_Grp
31500000120127,oligodendrocyte_progenitor_2
31500000150428,oligodendrocyte_progenitor_2
31500000136309,astrocyte_1
31500000184032,MV_in_Gabra1
31500000124562,M_ex_Vsx2/Shox2
31500000116058,oligodendrocyte_progenitor_2
31500000182294,oligodendrocyte_1
31500000147416,endothelial
31500000168815,MV_in_Gm26673
31500000179194,DH_in_Rorb
31500000129185,oligodendrocyte_progenitor_2
31500000187066,oligodendrocyte_progenitor_2
31500000177118,DH_ex_Nmu/Tac2
31500000192364,astrocyte_1
31500000170352,astrocyte_1
31500000168765,DH_ex_Sox5/Tac1
31500000102245,oligodendrocyte_progenitor_2
31500000130004,MV_ex_Shox2
31500000140192,oligodendrocyte_progenitor_2
31500000196632,DM_ex_Zfhx3
31500000147992,DH_ex_Reln/Nmur2
31500000139047,MV_ex_Syt2
31500000129955,oligodendrocyte_progenitor_2
31500000165715,DH_ex_Prkcg/Nts
31500000147866,oligodendrocyte_2
31500000102854,astrocyte_1
31500000133408,DH_ex_Maf/Cck
31500000110896,DH_ex_Nmu/Tac2
31500000185380,astrocyte_1
31500000136421,astrocyte_1
31500000125941,astrocyte_2
31500000132897,astrocyte_1
31500000181764,oligodendrocyte_progenitor_2
31500000170453,DH_in_Cdh3
31500000132049,astrocyte_2
31500000159881,oligodendrocyte_progenitor_2
31500000133410,oligodendrocyte_precursor_cell
31500000115719,DH_ex_Cpne4
31500000123966,DH_ex_Reln
31500000133100,MV_in_Sema5b
31500000141050,M_in_Tfap2b
31500000189654,endothelial
31500000195187,M_ex_Vsx2/Shox2
31500000195611,oligodendrocyte_2
31500000118562,DH_ex_Tac2
31500000158757,oligodendrocyte_2
31500000122275,astrocyte_1
31500000136706,DH_ex_Maf/Cck
31500000190132,astrocyte_2
31500000102076,M_in_Tfap2b
31500000157908,oligodendrocyte_progenitor_2
31500000119736,Schwann_cell
31500000102466,DH_ex_Gpr83
31500000107492,MV_in_Gabra1
31500000184607,DH_ex_Prkcg/Rxfp1
31500000187976,astrocyte_1
31500000106489,DH_ex_Reln
31500000141322,astrocyte_1
31500000128547,oligodendrocyte_progenitor_1
31500000121888,MV_in_Gabra1
31500000141146,oligodendrocyte_2
31500000187344,astrocyte_1
31500000154642,oligodendrocyte_2
31500000180722,DH_ex_Gpr83
31500000145989,MV_in_Sema5b
31500000140084,oligodendrocyte_progenitor_2
31500000194177,meninges_1
31500000169846,alpha_motoneuron
31500000192224,oligodendrocyte_2
31500000155864,DM_ex_Zfhx3
31500000137963,endothelial
31500000155521,visceral_motoneuron
31500000182794,M_ex_Vsx2
31500000184653,endothelial
31500000114620,DH_ex_Grpr
31500000125226,DH_ex_Sox5
31500000180335,DH_ex_Grpr
31500000115232,DM_ex_Zfhx3
31500000115056,astrocyte_1
31500000165790,oligodendrocyte_progenitor_2
31500000181360,meninges_2
31500000116605,DH_ex_Maf/Cck
31500000105092,gamma_motoneuron
31500000121567,astrocyte_2
31500000122182,DH_ex_Prkcg/Rxfp1
31500000182376,oligodendrocyte_progenitor_2
31500000156152,astrocyte_2
31500000183503,oligodendrocyte_progenitor_2
31500000168366,MV_ex_Shox2
31500000136927,astrocyte_1
31500000148692,oligodendrocyte_progenitor_2
31500000108371,oligodendrocyte_2
31500000138908,astrocyte_1
31500000142196,oligodendrocyte_2
31500000164200,oligodendrocyte_1
31500000178317,oligodendrocyte_progenitor_2
31500000188886,Schwann_cell
31500000184785,astrocyte_2
31500000115668,DH_ex_Sox5
31500000169825,endothelial
31500000102099,astrocyte_1
31500000172854,DH_ex_Reln
31500000120271,MV_ex_Syt2
31500000183873,oligodendrocyte_2
31500000118604,MV_in_Gm26673
31500000147580,DH_ex_Grp
31500000169941,astrocyte_1
31500000125255,DH_in_Pdyn
31500000149503,DH_in_Cdh3
31500000114510,oligodendrocyte_2
31500000117863,endothelial
31500000159178,beta_motoneuron
31500000138588,oligodendrocyte_progenitor_2
31500000147521,DM_ex_Zfhx3
31500000189634,astrocyte_1
31500000155839,microglia
31500000182594,endothelial
31500000109101,MV_in_Gabra1
31500000186032,microglia
31500000195615,astrocyte_1
31500000183333,alpha_motoneuron
31500000100883,oligodendrocyte_2
31500000127253,oligodendrocyte_2
31500000127385,oligodendrocyte_progenitor_2
31500000142830,astrocyte_1
31500000111587,astrocyte_1
31500000114072,oligodendrocyte_progenitor_2
31500000147903,oligodendrocyte_2
31500000168008,DH_ex_Prkcg/Nts
31500000138887,endothelial
31500000115530,DM_ex_Zfhx3
31500000180601,astrocyte_1
31500000131486,oligodendrocyte_progenitor_2
31500000134062,oligodendrocyte_2
31500000137720,oligodendrocyte_progenitor_2
31500000105534,MV_in_Gabra1
31500000125397,astrocyte_1
31500000161857,astrocyte_1
31500000161821,astrocyte_1
31500000161999,oligodendrocyte_1
31500000134350,astrocyte_1
31500000125220,oligodendrocyte_progenitor_2
31500000191033,oligodendrocyte_progenitor_2
31500000121704,alpha_motoneuron
31500000184069,oligodendrocyte_2
31500000182955,MV_ex_Syt2
31500000183494,oligodendrocyte_2
31500000151747,oligodendrocyte_1
31500000178956,oligodendrocyte_2
31500000129682,oligodendrocyte_progenitor_2
31500000157061,oligodendrocyte_2
31500000139120,visceral_motoneuron
31500000102868,oligodendrocyte_1
31500000141115,DH_ex_Sox5/Tac1
31500000159717,astrocyte_1
31500000185794,oligodendrocyte_progenitor_2
31500000139617,oligodendrocyte_progenitor_2
31500000121867,MV_ex_Syt2
31500000183911,oligodendrocyte_1
31500000111986,MV_ex_Syt2
31500000184594,oligodendrocyte_1
31500000198092,MV_in_Sema5b
31500000128544,oligodendrocyte_progenitor_2
31500000167795,DH_in_Pdyn/Gal
31500000108913,microglia
31500000150534,oligodendrocyte_progenitor_2
31500000136747,oligodendrocyte_precursor_cell
31500000147138,DM_ex_Zfhx3
31500000129341,Schwann_cell
31500000147088,DH_in_Cdh3
31500000192585,DH_in_Cdh3
31500000181642,oligodendrocyte_1
31500000195911,DH_ex_Tac2
31500000174097,DH_ex_Maf/Cck
31500000195314,DH_in_Cdh3
31500000109447,DH_in_Pdyn
31500000165549,endothelial
31500000195428,astrocyte_1
31500000112002,oligodendrocyte_precursor_cell
31500000158357,oligodendrocyte_progenitor_2
31500000108006,oligodendrocyte_2
31500000124902,oligodendrocyte_2
31500000177992,DH_ex_Reln/Npff
31500000135571,DH_ex_Maf/Cck
31500000105073,oligodendrocyte_2
31500000193899,oligodendrocyte_progenitor_2
31500000158955,oligodendrocyte_progenitor_2
31500000137276,MV_in_Sema5b
31500000134147,oligodendrocyte_progenitor_2
31500000103280,MV_ex_Shox2
31500000193208,MV_in_Gm26673
31500000194922,MV_in_Sema5b
31500000141959,DM_ex_Zfhx3
31500000190469,M_ex_Vsx2
31500000189439,oligodendrocyte_1
31500000167256,oligodendrocyte_2
31500000199279,astrocyte_1
31500000182220,oligodendrocyte_progenitor_2
31500000172712,oligodendrocyte_2
31500000189619,astrocyte_1
31500000165248,endothelial
31500000125018,MV_ex_Syt2
31500000174558,MV_in_Esrrb
31500000199488,astrocyte_2
31500000127546,endothelial
31500000111004,astrocyte_2
31500000196675,MV_in_Esrrb
31500000150901,oligodendrocyte_1
31500000124569,astrocyte_2
31500000151465,astrocyte_2
31500000156825,DM_ex_Zfhx3
31500000109011,oligodendrocyte_precursor_cell
31500000139915,MV_in_Gabra1
31500000135043,oligodendrocyte_progenitor_2
31500000126988,oligodendrocyte_2
31500000194383,endothelial
31500000148111,M_in_Tfap2b
31500000119299,astrocyte_1
31500000131156,oligodendrocyte_progenitor_2
31500000125410,astrocyte_1
31500000115798,astrocyte_1
31500000140545,DH_ex_Nmu/Tac2
31500000164563,oligodendrocyte_precursor_cell
31500000115460,MV_ex_Syt2
31500000123669,DH_in_Cdh3
31500000133975,astrocyte_1
31500000125436,meninges_2
31500000154462,MV_in_Gm26673
31500000113047,DH_ex_Sox5
31500000100060,oligodendrocyte_2
31500000169376,oligodendrocyte_precursor_cell
31500000173721,astrocyte_1
31500000131803,oligodendrocyte_1
31500000188659,MV_in_Esrrb
31500000169991,alpha_motoneuron
31500000193016,endothelial
31500000103324,endothelial
31500000145351,astrocyte_1
31500000125006,astrocyte_1
31500000157002,DH_ex_Gpr83
31500000107066,MV_in_Gabra1
31500000147136,oligodendrocyte_progenitor_2
31500000134111,astrocyte_2
31500000114527,oligodendrocyte_progenitor_2
31500000166059,DH_in_Npy
31500000116220,astrocyte_1
31500000143571,DM_ex_Zfhx3
31500000189885,oligodendrocyte_progenitor_2
31500000172818,MV_in_Gabra1
31500000130326,oligodendrocyte_progenitor_2
31500000173462,endothelial
31500000171564,MV_in_Gm26673
31500000134586,gamma_motoneuron
31500000132781,oligodendrocyte_progenitor_2
31500000111760,MV_ex_Syt2
31500000110859,meninges_3
31500000102764,astrocyte_2
31500000165553,oligodendrocyte_progenitor_2
